protocol_version,sample_id,training_role,mechanism,split,generalization_group,source_id,source_object,source_seen,receiver_id,receiver,receiver_seen,prompt_variant,prompt,target_concept,expected_footprint,expected_counterfactual_state,seed,num_frames,fps,reference_start_inclusive,reference_end_exclusive,original_video,ours_video,original_post_change_mae,ours_post_change_mae,footprint_suppression_percent,early_divergence_mae,ours_late_frame_mae
v1,eval_water_impact_seen_seen_00,,water_impact,test,seen_seen,water_droplet,one large clear water droplet,yes,shallow_pond,a calm shallow pond,yes,eval_explicit_a,"A realistic locked-camera video in one continuous shot. During the first two seconds, the scene contains a calm shallow pond; its water surface is flat and completely still. The source object is not visible, and nothing changes. Next, one large clear water droplet falls vertically from above, enters the center of the water, and makes contact. Following that contact, the event produces a brief splash and expanding circular ripples. No cuts, camera motion, people, hands, or additional moving objects appear.",Water impact,a brief splash and expanding circular ripples,"the water remains flat and still, with no incoming object, splash, cavity, or ripple",12000,49,8,0,16,outputs/protocol_v1/eval_original/water_impact/videos/000_a-realistic-locked-camera-video-in-one-continuous-shot-during-the-first_seed12000.mp4,outputs/protocol_v1/eval_negative_prompt/water_impact/videos/000_a-realistic-locked-camera-video-in-one-continuous-shot-during-the-first_seed12000.mp4,0.12364732,0.12164993,1.62,0.14019066,0.16364619
v1,eval_water_impact_seen_seen_01,,water_impact,test,seen_seen,water_droplet,one large clear water droplet,yes,white_basin,a wide white ceramic basin filled with water,yes,eval_explicit_b,"A realistic locked-camera video in one continuous shot. During the first two seconds, the scene contains a wide white ceramic basin filled with water; its water surface is flat and completely still. The source object is not visible, and nothing changes. The source arrives only after the still opening: one large clear water droplet falls vertically from above, enters the center of the water, and makes contact, causing a brief splash and expanding circular ripples. No cuts, camera motion, people, hands, or additional moving objects appear.",Water impact,a brief splash and expanding circular ripples,"the water remains flat and still, with no incoming object, splash, cavity, or ripple",12000,49,8,0,16,outputs/protocol_v1/eval_original/water_impact/videos/001_a-realistic-locked-camera-video-in-one-continuous-shot-during-the-first_seed12000.mp4,outputs/protocol_v1/eval_negative_prompt/water_impact/videos/001_a-realistic-locked-camera-video-in-one-continuous-shot-during-the-first_seed12000.mp4,0.07977781,0.00850911,89.33,0.08239689,0.13530339
v1,eval_water_impact_seen_seen_02,,water_impact,test,seen_seen,water_droplet,one large clear water droplet,yes,glass_tank,a clear rectangular glass tank filled with water,yes,eval_implicit_a,"A realistic locked-camera video in one continuous shot. During the first two seconds, the scene contains a clear rectangular glass tank filled with water; its water surface is flat and completely still. The source object is not visible, and nothing changes. The shot then naturally captures the moment when one large clear water droplet falls vertically from above, enters the center of the water, and makes contact. No cuts, camera motion, people, hands, or additional moving objects appear.",Water impact,a brief splash and expanding circular ripples,"the water remains flat and still, with no incoming object, splash, cavity, or ripple",12000,49,8,0,16,outputs/protocol_v1/eval_original/water_impact/videos/002_a-realistic-locked-camera-video-in-one-continuous-shot-during-the-first_seed12000.mp4,outputs/protocol_v1/eval_negative_prompt/water_impact/videos/002_a-realistic-locked-camera-video-in-one-continuous-shot-during-the-first_seed12000.mp4,0.01441494,0.01041730,27.73,0.17232369,0.17551884
v1,eval_water_impact_seen_seen_03,,water_impact,test,seen_seen,ice_cube,one small clear ice cube,yes,shallow_pond,a calm shallow pond,yes,eval_implicit_b,"A realistic locked-camera video in one continuous shot. During the first two seconds, the scene contains a calm shallow pond; its water surface is flat and completely still. The source object is not visible, and nothing changes. Without any camera change, the scene continues as one small clear ice cube falls vertically from above, enters the center of the water, and makes contact. No cuts, camera motion, people, hands, or additional moving objects appear.",Water impact,a brief splash and expanding circular ripples,"the water remains flat and still, with no incoming object, splash, cavity, or ripple",12000,49,8,0,16,outputs/protocol_v1/eval_original/water_impact/videos/003_a-realistic-locked-camera-video-in-one-continuous-shot-during-the-first_seed12000.mp4,outputs/protocol_v1/eval_negative_prompt/water_impact/videos/003_a-realistic-locked-camera-video-in-one-continuous-shot-during-the-first_seed12000.mp4,0.02144222,0.01796923,16.20,0.14978981,0.15103376
v1,eval_water_impact_seen_seen_04,,water_impact,test,seen_seen,ice_cube,one small clear ice cube,yes,white_basin,a wide white ceramic basin filled with water,yes,eval_compact,"A realistic locked-camera video in one continuous shot. During the first two seconds, the scene contains a wide white ceramic basin filled with water; its water surface is flat and completely still. The source object is not visible, and nothing changes. After two still seconds, one small clear ice cube falls vertically from above, enters the center of the water, and makes contact; afterward, the event produces a brief splash and expanding circular ripples. No cuts, camera motion, people, hands, or additional moving objects appear.",Water impact,a brief splash and expanding circular ripples,"the water remains flat and still, with no incoming object, splash, cavity, or ripple",12000,49,8,0,16,outputs/protocol_v1/eval_original/water_impact/videos/004_a-realistic-locked-camera-video-in-one-continuous-shot-during-the-first_seed12000.mp4,outputs/protocol_v1/eval_negative_prompt/water_impact/videos/004_a-realistic-locked-camera-video-in-one-continuous-shot-during-the-first_seed12000.mp4,0.01321530,0.01364587,-3.26,0.10413474,0.10929509
v1,eval_water_impact_unseen_seen_00,,water_impact,test,unseen_seen,gray_stone,one smooth gray stone,no,shallow_pond,a calm shallow pond,yes,eval_explicit_a,"A realistic locked-camera video in one continuous shot. During the first two seconds, the scene contains a calm shallow pond; its water surface is flat and completely still. The source object is not visible, and nothing changes. Next, one smooth gray stone falls vertically from above, enters the center of the water, and makes contact. Following that contact, the event produces a brief splash and expanding circular ripples. No cuts, camera motion, people, hands, or additional moving objects appear.",Water impact,a brief splash and expanding circular ripples,"the water remains flat and still, with no incoming object, splash, cavity, or ripple",12000,49,8,0,16,outputs/protocol_v1/eval_original/water_impact/videos/005_a-realistic-locked-camera-video-in-one-continuous-shot-during-the-first_seed12000.mp4,outputs/protocol_v1/eval_negative_prompt/water_impact/videos/005_a-realistic-locked-camera-video-in-one-continuous-shot-during-the-first_seed12000.mp4,0.17496301,0.08347017,52.29,0.10668923,0.19384943
v1,eval_water_impact_unseen_seen_01,,water_impact,test,unseen_seen,gray_stone,one smooth gray stone,no,white_basin,a wide white ceramic basin filled with water,yes,eval_explicit_b,"A realistic locked-camera video in one continuous shot. During the first two seconds, the scene contains a wide white ceramic basin filled with water; its water surface is flat and completely still. The source object is not visible, and nothing changes. The source arrives only after the still opening: one smooth gray stone falls vertically from above, enters the center of the water, and makes contact, causing a brief splash and expanding circular ripples. No cuts, camera motion, people, hands, or additional moving objects appear.",Water impact,a brief splash and expanding circular ripples,"the water remains flat and still, with no incoming object, splash, cavity, or ripple",12000,49,8,0,16,outputs/protocol_v1/eval_original/water_impact/videos/006_a-realistic-locked-camera-video-in-one-continuous-shot-during-the-first_seed12000.mp4,outputs/protocol_v1/eval_negative_prompt/water_impact/videos/006_a-realistic-locked-camera-video-in-one-continuous-shot-during-the-first_seed12000.mp4,0.07410711,0.02660319,64.10,0.09476895,0.13741311
v1,eval_water_impact_unseen_seen_02,,water_impact,test,unseen_seen,gray_stone,one smooth gray stone,no,glass_tank,a clear rectangular glass tank filled with water,yes,eval_implicit_a,"A realistic locked-camera video in one continuous shot. During the first two seconds, the scene contains a clear rectangular glass tank filled with water; its water surface is flat and completely still. The source object is not visible, and nothing changes. The shot then naturally captures the moment when one smooth gray stone falls vertically from above, enters the center of the water, and makes contact. No cuts, camera motion, people, hands, or additional moving objects appear.",Water impact,a brief splash and expanding circular ripples,"the water remains flat and still, with no incoming object, splash, cavity, or ripple",12000,49,8,0,16,outputs/protocol_v1/eval_original/water_impact/videos/007_a-realistic-locked-camera-video-in-one-continuous-shot-during-the-first_seed12000.mp4,outputs/protocol_v1/eval_negative_prompt/water_impact/videos/007_a-realistic-locked-camera-video-in-one-continuous-shot-during-the-first_seed12000.mp4,0.01375799,0.01247020,9.36,0.16304682,0.16680947
v1,eval_water_impact_unseen_seen_03,,water_impact,test,unseen_seen,yellow_ball,one small yellow rubber ball,no,shallow_pond,a calm shallow pond,yes,eval_implicit_b,"A realistic locked-camera video in one continuous shot. During the first two seconds, the scene contains a calm shallow pond; its water surface is flat and completely still. The source object is not visible, and nothing changes. Without any camera change, the scene continues as one small yellow rubber ball falls vertically from above, enters the center of the water, and makes contact. No cuts, camera motion, people, hands, or additional moving objects appear.",Water impact,a brief splash and expanding circular ripples,"the water remains flat and still, with no incoming object, splash, cavity, or ripple",12000,49,8,0,16,outputs/protocol_v1/eval_original/water_impact/videos/008_a-realistic-locked-camera-video-in-one-continuous-shot-during-the-first_seed12000.mp4,outputs/protocol_v1/eval_negative_prompt/water_impact/videos/008_a-realistic-locked-camera-video-in-one-continuous-shot-during-the-first_seed12000.mp4,0.03989436,0.05915242,-48.27,0.14851138,0.16371436
v1,eval_water_impact_unseen_seen_04,,water_impact,test,unseen_seen,yellow_ball,one small yellow rubber ball,no,white_basin,a wide white ceramic basin filled with water,yes,eval_compact,"A realistic locked-camera video in one continuous shot. During the first two seconds, the scene contains a wide white ceramic basin filled with water; its water surface is flat and completely still. The source object is not visible, and nothing changes. After two still seconds, one small yellow rubber ball falls vertically from above, enters the center of the water, and makes contact; afterward, the event produces a brief splash and expanding circular ripples. No cuts, camera motion, people, hands, or additional moving objects appear.",Water impact,a brief splash and expanding circular ripples,"the water remains flat and still, with no incoming object, splash, cavity, or ripple",12000,49,8,0,16,outputs/protocol_v1/eval_original/water_impact/videos/009_a-realistic-locked-camera-video-in-one-continuous-shot-during-the-first_seed12000.mp4,outputs/protocol_v1/eval_negative_prompt/water_impact/videos/009_a-realistic-locked-camera-video-in-one-continuous-shot-during-the-first_seed12000.mp4,0.02447058,0.01165912,52.35,0.13775516,0.14920340
v1,eval_water_impact_seen_unseen_00,,water_impact,test,seen_unseen,water_droplet,one large clear water droplet,yes,steel_sink,a stainless-steel sink filled with water,no,eval_explicit_a,"A realistic locked-camera video in one continuous shot. During the first two seconds, the scene contains a stainless-steel sink filled with water; its water surface is flat and completely still. The source object is not visible, and nothing changes. Next, one large clear water droplet falls vertically from above, enters the center of the water, and makes contact. Following that contact, the event produces a brief splash and expanding circular ripples. No cuts, camera motion, people, hands, or additional moving objects appear.",Water impact,a brief splash and expanding circular ripples,"the water remains flat and still, with no incoming object, splash, cavity, or ripple",12000,49,8,0,16,outputs/protocol_v1/eval_original/water_impact/videos/010_a-realistic-locked-camera-video-in-one-continuous-shot-during-the-first_seed12000.mp4,outputs/protocol_v1/eval_negative_prompt/water_impact/videos/010_a-realistic-locked-camera-video-in-one-continuous-shot-during-the-first_seed12000.mp4,0.12141081,0.05494064,54.75,0.13532718,0.20527965
v1,eval_water_impact_seen_unseen_01,,water_impact,test,seen_unseen,water_droplet,one large clear water droplet,yes,blue_tub,a wide blue plastic tub filled with water,no,eval_explicit_b,"A realistic locked-camera video in one continuous shot. During the first two seconds, the scene contains a wide blue plastic tub filled with water; its water surface is flat and completely still. The source object is not visible, and nothing changes. The source arrives only after the still opening: one large clear water droplet falls vertically from above, enters the center of the water, and makes contact, causing a brief splash and expanding circular ripples. No cuts, camera motion, people, hands, or additional moving objects appear.",Water impact,a brief splash and expanding circular ripples,"the water remains flat and still, with no incoming object, splash, cavity, or ripple",12000,49,8,0,16,outputs/protocol_v1/eval_original/water_impact/videos/011_a-realistic-locked-camera-video-in-one-continuous-shot-during-the-first_seed12000.mp4,outputs/protocol_v1/eval_negative_prompt/water_impact/videos/011_a-realistic-locked-camera-video-in-one-continuous-shot-during-the-first_seed12000.mp4,0.07384796,0.07985605,-8.14,0.08379997,0.08809534
v1,eval_water_impact_seen_unseen_02,,water_impact,test,seen_unseen,ice_cube,one small clear ice cube,yes,steel_sink,a stainless-steel sink filled with water,no,eval_implicit_a,"A realistic locked-camera video in one continuous shot. During the first two seconds, the scene contains a stainless-steel sink filled with water; its water surface is flat and completely still. The source object is not visible, and nothing changes. The shot then naturally captures the moment when one small clear ice cube falls vertically from above, enters the center of the water, and makes contact. No cuts, camera motion, people, hands, or additional moving objects appear.",Water impact,a brief splash and expanding circular ripples,"the water remains flat and still, with no incoming object, splash, cavity, or ripple",12000,49,8,0,16,outputs/protocol_v1/eval_original/water_impact/videos/012_a-realistic-locked-camera-video-in-one-continuous-shot-during-the-first_seed12000.mp4,outputs/protocol_v1/eval_negative_prompt/water_impact/videos/012_a-realistic-locked-camera-video-in-one-continuous-shot-during-the-first_seed12000.mp4,0.01186207,0.01364662,-15.04,0.14071688,0.13700311
v1,eval_water_impact_seen_unseen_03,,water_impact,test,seen_unseen,ice_cube,one small clear ice cube,yes,blue_tub,a wide blue plastic tub filled with water,no,eval_implicit_b,"A realistic locked-camera video in one continuous shot. During the first two seconds, the scene contains a wide blue plastic tub filled with water; its water surface is flat and completely still. The source object is not visible, and nothing changes. Without any camera change, the scene continues as one small clear ice cube falls vertically from above, enters the center of the water, and makes contact. No cuts, camera motion, people, hands, or additional moving objects appear.",Water impact,a brief splash and expanding circular ripples,"the water remains flat and still, with no incoming object, splash, cavity, or ripple",12000,49,8,0,16,outputs/protocol_v1/eval_original/water_impact/videos/013_a-realistic-locked-camera-video-in-one-continuous-shot-during-the-first_seed12000.mp4,outputs/protocol_v1/eval_negative_prompt/water_impact/videos/013_a-realistic-locked-camera-video-in-one-continuous-shot-during-the-first_seed12000.mp4,0.01377860,0.00986848,28.38,0.07852822,0.08713653
v1,eval_water_impact_seen_unseen_04,,water_impact,test,seen_unseen,red_apple,one small red apple,yes,steel_sink,a stainless-steel sink filled with water,no,eval_compact,"A realistic locked-camera video in one continuous shot. During the first two seconds, the scene contains a stainless-steel sink filled with water; its water surface is flat and completely still. The source object is not visible, and nothing changes. After two still seconds, one small red apple falls vertically from above, enters the center of the water, and makes contact; afterward, the event produces a brief splash and expanding circular ripples. No cuts, camera motion, people, hands, or additional moving objects appear.",Water impact,a brief splash and expanding circular ripples,"the water remains flat and still, with no incoming object, splash, cavity, or ripple",12000,49,8,0,16,outputs/protocol_v1/eval_original/water_impact/videos/014_a-realistic-locked-camera-video-in-one-continuous-shot-during-the-first_seed12000.mp4,outputs/protocol_v1/eval_negative_prompt/water_impact/videos/014_a-realistic-locked-camera-video-in-one-continuous-shot-during-the-first_seed12000.mp4,0.12185134,0.04831372,60.35,0.12820348,0.23122962
v1,eval_water_impact_unseen_unseen_00,,water_impact,test,unseen_unseen,gray_stone,one smooth gray stone,no,steel_sink,a stainless-steel sink filled with water,no,eval_explicit_a,"A realistic locked-camera video in one continuous shot. During the first two seconds, the scene contains a stainless-steel sink filled with water; its water surface is flat and completely still. The source object is not visible, and nothing changes. Next, one smooth gray stone falls vertically from above, enters the center of the water, and makes contact. Following that contact, the event produces a brief splash and expanding circular ripples. No cuts, camera motion, people, hands, or additional moving objects appear.",Water impact,a brief splash and expanding circular ripples,"the water remains flat and still, with no incoming object, splash, cavity, or ripple",12000,49,8,0,16,outputs/protocol_v1/eval_original/water_impact/videos/015_a-realistic-locked-camera-video-in-one-continuous-shot-during-the-first_seed12000.mp4,outputs/protocol_v1/eval_negative_prompt/water_impact/videos/015_a-realistic-locked-camera-video-in-one-continuous-shot-during-the-first_seed12000.mp4,0.13985434,0.03650734,73.90,0.12034032,0.22485374
v1,eval_water_impact_unseen_unseen_01,,water_impact,test,unseen_unseen,gray_stone,one smooth gray stone,no,blue_tub,a wide blue plastic tub filled with water,no,eval_explicit_b,"A realistic locked-camera video in one continuous shot. During the first two seconds, the scene contains a wide blue plastic tub filled with water; its water surface is flat and completely still. The source object is not visible, and nothing changes. The source arrives only after the still opening: one smooth gray stone falls vertically from above, enters the center of the water, and makes contact, causing a brief splash and expanding circular ripples. No cuts, camera motion, people, hands, or additional moving objects appear.",Water impact,a brief splash and expanding circular ripples,"the water remains flat and still, with no incoming object, splash, cavity, or ripple",12000,49,8,0,16,outputs/protocol_v1/eval_original/water_impact/videos/016_a-realistic-locked-camera-video-in-one-continuous-shot-during-the-first_seed12000.mp4,outputs/protocol_v1/eval_negative_prompt/water_impact/videos/016_a-realistic-locked-camera-video-in-one-continuous-shot-during-the-first_seed12000.mp4,0.07490750,0.11100640,-48.19,0.07987582,0.08714814
v1,eval_water_impact_unseen_unseen_02,,water_impact,test,unseen_unseen,yellow_ball,one small yellow rubber ball,no,steel_sink,a stainless-steel sink filled with water,no,eval_implicit_a,"A realistic locked-camera video in one continuous shot. During the first two seconds, the scene contains a stainless-steel sink filled with water; its water surface is flat and completely still. The source object is not visible, and nothing changes. The shot then naturally captures the moment when one small yellow rubber ball falls vertically from above, enters the center of the water, and makes contact. No cuts, camera motion, people, hands, or additional moving objects appear.",Water impact,a brief splash and expanding circular ripples,"the water remains flat and still, with no incoming object, splash, cavity, or ripple",12000,49,8,0,16,outputs/protocol_v1/eval_original/water_impact/videos/017_a-realistic-locked-camera-video-in-one-continuous-shot-during-the-first_seed12000.mp4,outputs/protocol_v1/eval_negative_prompt/water_impact/videos/017_a-realistic-locked-camera-video-in-one-continuous-shot-during-the-first_seed12000.mp4,0.06508767,0.06805640,-4.56,0.12839822,0.13897552
v1,eval_water_impact_unseen_unseen_03,,water_impact,test,unseen_unseen,yellow_ball,one small yellow rubber ball,no,blue_tub,a wide blue plastic tub filled with water,no,eval_implicit_b,"A realistic locked-camera video in one continuous shot. During the first two seconds, the scene contains a wide blue plastic tub filled with water; its water surface is flat and completely still. The source object is not visible, and nothing changes. Without any camera change, the scene continues as one small yellow rubber ball falls vertically from above, enters the center of the water, and makes contact. No cuts, camera motion, people, hands, or additional moving objects appear.",Water impact,a brief splash and expanding circular ripples,"the water remains flat and still, with no incoming object, splash, cavity, or ripple",12000,49,8,0,16,outputs/protocol_v1/eval_original/water_impact/videos/018_a-realistic-locked-camera-video-in-one-continuous-shot-during-the-first_seed12000.mp4,outputs/protocol_v1/eval_negative_prompt/water_impact/videos/018_a-realistic-locked-camera-video-in-one-continuous-shot-during-the-first_seed12000.mp4,0.08678941,0.05087237,41.38,0.09356770,0.14493494
v1,eval_water_impact_unseen_unseen_04,,water_impact,test,unseen_unseen,gray_stone,one smooth gray stone,no,steel_sink,a stainless-steel sink filled with water,no,eval_compact,"A realistic locked-camera video in one continuous shot. During the first two seconds, the scene contains a stainless-steel sink filled with water; its water surface is flat and completely still. The source object is not visible, and nothing changes. After two still seconds, one smooth gray stone falls vertically from above, enters the center of the water, and makes contact; afterward, the event produces a brief splash and expanding circular ripples. No cuts, camera motion, people, hands, or additional moving objects appear.",Water impact,a brief splash and expanding circular ripples,"the water remains flat and still, with no incoming object, splash, cavity, or ripple",12000,49,8,0,16,outputs/protocol_v1/eval_original/water_impact/videos/019_a-realistic-locked-camera-video-in-one-continuous-shot-during-the-first_seed12000.mp4,outputs/protocol_v1/eval_negative_prompt/water_impact/videos/019_a-realistic-locked-camera-video-in-one-continuous-shot-during-the-first_seed12000.mp4,0.10781994,0.03219461,70.14,0.13394058,0.21142122
v1,eval_rigid_collision_seen_seen_00,,rigid_collision,test,seen_seen,red_ball,one small red rubber ball,yes,wood_blocks,three plain wooden blocks standing upright,yes,eval_explicit_a,"A realistic locked-camera video in one continuous shot. During the first two seconds, the scene contains three plain wooden blocks standing upright; all three blocks are upright and motionless. The source object is not visible, and nothing changes. Next, one small red rubber ball rolls from left to right along the tabletop and strikes the nearest receiver object once. Following that contact, the event produces a tipped contacted object and visible displacement of nearby objects. No cuts, camera motion, people, hands, or additional moving objects appear.",Rigid collision,a tipped contacted object and visible displacement of nearby objects,the source object is absent and every receiver object remains upright and motionless,12001,49,8,0,16,outputs/protocol_v1/eval_original/rigid_collision/videos/020_a-realistic-locked-camera-video-in-one-continuous-shot-during-the-first_seed12001.mp4,outputs/protocol_v1/eval_negative_prompt/rigid_collision/videos/020_a-realistic-locked-camera-video-in-one-continuous-shot-during-the-first_seed12001.mp4,0.09958210,0.07516895,24.52,0.09120829,0.06634029
v1,eval_rigid_collision_seen_seen_01,,rigid_collision,test,seen_seen,red_ball,one small red rubber ball,yes,bowling_pins,four small white plastic bowling pins,yes,eval_explicit_b,"A realistic locked-camera video in one continuous shot. During the first two seconds, the scene contains four small white plastic bowling pins; all four pins are upright and motionless. The source object is not visible, and nothing changes. The source arrives only after the still opening: one small red rubber ball rolls from left to right along the tabletop and strikes the nearest receiver object once, causing a tipped contacted object and visible displacement of nearby objects. No cuts, camera motion, people, hands, or additional moving objects appear.",Rigid collision,a tipped contacted object and visible displacement of nearby objects,the source object is absent and every receiver object remains upright and motionless,12001,49,8,0,16,outputs/protocol_v1/eval_original/rigid_collision/videos/021_a-realistic-locked-camera-video-in-one-continuous-shot-during-the-first_seed12001.mp4,outputs/protocol_v1/eval_negative_prompt/rigid_collision/videos/021_a-realistic-locked-camera-video-in-one-continuous-shot-during-the-first_seed12001.mp4,0.05082955,0.05691966,-11.98,0.06164730,0.06772206
v1,eval_rigid_collision_seen_seen_02,,rigid_collision,test,seen_seen,red_ball,one small red rubber ball,yes,cardboard_boxes,three small plain cardboard boxes,yes,eval_implicit_a,"A realistic locked-camera video in one continuous shot. During the first two seconds, the scene contains three small plain cardboard boxes; all three boxes are upright and motionless. The source object is not visible, and nothing changes. The shot then naturally captures the moment when one small red rubber ball rolls from left to right along the tabletop and strikes the nearest receiver object once. No cuts, camera motion, people, hands, or additional moving objects appear.",Rigid collision,a tipped contacted object and visible displacement of nearby objects,the source object is absent and every receiver object remains upright and motionless,12001,49,8,0,16,outputs/protocol_v1/eval_original/rigid_collision/videos/022_a-realistic-locked-camera-video-in-one-continuous-shot-during-the-first_seed12001.mp4,outputs/protocol_v1/eval_negative_prompt/rigid_collision/videos/022_a-realistic-locked-camera-video-in-one-continuous-shot-during-the-first_seed12001.mp4,0.01071057,0.02240728,-109.21,0.06132393,0.06711724
v1,eval_rigid_collision_seen_seen_03,,rigid_collision,test,seen_seen,wood_cylinder,one short wooden cylinder,yes,wood_blocks,three plain wooden blocks standing upright,yes,eval_implicit_b,"A realistic locked-camera video in one continuous shot. During the first two seconds, the scene contains three plain wooden blocks standing upright; all three blocks are upright and motionless. The source object is not visible, and nothing changes. Without any camera change, the scene continues as one short wooden cylinder rolls from left to right along the tabletop and strikes the nearest receiver object once. No cuts, camera motion, people, hands, or additional moving objects appear.",Rigid collision,a tipped contacted object and visible displacement of nearby objects,the source object is absent and every receiver object remains upright and motionless,12001,49,8,0,16,outputs/protocol_v1/eval_original/rigid_collision/videos/023_a-realistic-locked-camera-video-in-one-continuous-shot-during-the-first_seed12001.mp4,outputs/protocol_v1/eval_negative_prompt/rigid_collision/videos/023_a-realistic-locked-camera-video-in-one-continuous-shot-during-the-first_seed12001.mp4,0.04169450,0.02492305,40.22,0.07819677,0.07896522
v1,eval_rigid_collision_seen_seen_04,,rigid_collision,test,seen_seen,wood_cylinder,one short wooden cylinder,yes,bowling_pins,four small white plastic bowling pins,yes,eval_compact,"A realistic locked-camera video in one continuous shot. During the first two seconds, the scene contains four small white plastic bowling pins; all four pins are upright and motionless. The source object is not visible, and nothing changes. After two still seconds, one short wooden cylinder rolls from left to right along the tabletop and strikes the nearest receiver object once; afterward, the event produces a tipped contacted object and visible displacement of nearby objects. No cuts, camera motion, people, hands, or additional moving objects appear.",Rigid collision,a tipped contacted object and visible displacement of nearby objects,the source object is absent and every receiver object remains upright and motionless,12001,49,8,0,16,outputs/protocol_v1/eval_original/rigid_collision/videos/024_a-realistic-locked-camera-video-in-one-continuous-shot-during-the-first_seed12001.mp4,outputs/protocol_v1/eval_negative_prompt/rigid_collision/videos/024_a-realistic-locked-camera-video-in-one-continuous-shot-during-the-first_seed12001.mp4,0.02880433,0.01787682,37.94,0.05298302,0.05100810
v1,eval_rigid_collision_unseen_seen_00,,rigid_collision,test,unseen_seen,wood_cube,one small blue wooden cube,no,wood_blocks,three plain wooden blocks standing upright,yes,eval_explicit_a,"A realistic locked-camera video in one continuous shot. During the first two seconds, the scene contains three plain wooden blocks standing upright; all three blocks are upright and motionless. The source object is not visible, and nothing changes. Next, one small blue wooden cube slides from left to right along the tabletop and strikes the nearest receiver object once. Following that contact, the event produces a tipped contacted object and visible displacement of nearby objects. No cuts, camera motion, people, hands, or additional moving objects appear.",Rigid collision,a tipped contacted object and visible displacement of nearby objects,the source object is absent and every receiver object remains upright and motionless,12001,49,8,0,16,outputs/protocol_v1/eval_original/rigid_collision/videos/025_a-realistic-locked-camera-video-in-one-continuous-shot-during-the-first_seed12001.mp4,outputs/protocol_v1/eval_negative_prompt/rigid_collision/videos/025_a-realistic-locked-camera-video-in-one-continuous-shot-during-the-first_seed12001.mp4,0.08861932,0.06577789,25.77,0.09309642,0.07324176
v1,eval_rigid_collision_unseen_seen_01,,rigid_collision,test,unseen_seen,wood_cube,one small blue wooden cube,no,bowling_pins,four small white plastic bowling pins,yes,eval_explicit_b,"A realistic locked-camera video in one continuous shot. During the first two seconds, the scene contains four small white plastic bowling pins; all four pins are upright and motionless. The source object is not visible, and nothing changes. The source arrives only after the still opening: one small blue wooden cube slides from left to right along the tabletop and strikes the nearest receiver object once, causing a tipped contacted object and visible displacement of nearby objects. No cuts, camera motion, people, hands, or additional moving objects appear.",Rigid collision,a tipped contacted object and visible displacement of nearby objects,the source object is absent and every receiver object remains upright and motionless,12001,49,8,0,16,outputs/protocol_v1/eval_original/rigid_collision/videos/026_a-realistic-locked-camera-video-in-one-continuous-shot-during-the-first_seed12001.mp4,outputs/protocol_v1/eval_negative_prompt/rigid_collision/videos/026_a-realistic-locked-camera-video-in-one-continuous-shot-during-the-first_seed12001.mp4,0.02028223,0.02445436,-20.57,0.05802270,0.06055212
v1,eval_rigid_collision_unseen_seen_02,,rigid_collision,test,unseen_seen,wood_cube,one small blue wooden cube,no,cardboard_boxes,three small plain cardboard boxes,yes,eval_implicit_a,"A realistic locked-camera video in one continuous shot. During the first two seconds, the scene contains three small plain cardboard boxes; all three boxes are upright and motionless. The source object is not visible, and nothing changes. The shot then naturally captures the moment when one small blue wooden cube slides from left to right along the tabletop and strikes the nearest receiver object once. No cuts, camera motion, people, hands, or additional moving objects appear.",Rigid collision,a tipped contacted object and visible displacement of nearby objects,the source object is absent and every receiver object remains upright and motionless,12001,49,8,0,16,outputs/protocol_v1/eval_original/rigid_collision/videos/027_a-realistic-locked-camera-video-in-one-continuous-shot-during-the-first_seed12001.mp4,outputs/protocol_v1/eval_negative_prompt/rigid_collision/videos/027_a-realistic-locked-camera-video-in-one-continuous-shot-during-the-first_seed12001.mp4,0.01561242,0.02147510,-37.55,0.06256866,0.06462809
v1,eval_rigid_collision_unseen_seen_03,,rigid_collision,test,unseen_seen,toy_car,one small yellow toy car,no,wood_blocks,three plain wooden blocks standing upright,yes,eval_implicit_b,"A realistic locked-camera video in one continuous shot. During the first two seconds, the scene contains three plain wooden blocks standing upright; all three blocks are upright and motionless. The source object is not visible, and nothing changes. Without any camera change, the scene continues as one small yellow toy car rolls from left to right along the tabletop and strikes the nearest receiver object once. No cuts, camera motion, people, hands, or additional moving objects appear.",Rigid collision,a tipped contacted object and visible displacement of nearby objects,the source object is absent and every receiver object remains upright and motionless,12001,49,8,0,16,outputs/protocol_v1/eval_original/rigid_collision/videos/028_a-realistic-locked-camera-video-in-one-continuous-shot-during-the-first_seed12001.mp4,outputs/protocol_v1/eval_negative_prompt/rigid_collision/videos/028_a-realistic-locked-camera-video-in-one-continuous-shot-during-the-first_seed12001.mp4,0.05187935,0.04019822,22.52,0.06861539,0.07106855
v1,eval_rigid_collision_unseen_seen_04,,rigid_collision,test,unseen_seen,toy_car,one small yellow toy car,no,bowling_pins,four small white plastic bowling pins,yes,eval_compact,"A realistic locked-camera video in one continuous shot. During the first two seconds, the scene contains four small white plastic bowling pins; all four pins are upright and motionless. The source object is not visible, and nothing changes. After two still seconds, one small yellow toy car rolls from left to right along the tabletop and strikes the nearest receiver object once; afterward, the event produces a tipped contacted object and visible displacement of nearby objects. No cuts, camera motion, people, hands, or additional moving objects appear.",Rigid collision,a tipped contacted object and visible displacement of nearby objects,the source object is absent and every receiver object remains upright and motionless,12001,49,8,0,16,outputs/protocol_v1/eval_original/rigid_collision/videos/029_a-realistic-locked-camera-video-in-one-continuous-shot-during-the-first_seed12001.mp4,outputs/protocol_v1/eval_negative_prompt/rigid_collision/videos/029_a-realistic-locked-camera-video-in-one-continuous-shot-during-the-first_seed12001.mp4,0.03800537,0.04487070,-18.06,0.04370354,0.05479402
v1,eval_rigid_collision_seen_unseen_00,,rigid_collision,test,seen_unseen,red_ball,one small red rubber ball,yes,aluminum_cans,four empty aluminum cans standing upright,no,eval_explicit_a,"A realistic locked-camera video in one continuous shot. During the first two seconds, the scene contains four empty aluminum cans standing upright; all four cans are upright and motionless. The source object is not visible, and nothing changes. Next, one small red rubber ball rolls from left to right along the tabletop and strikes the nearest receiver object once. Following that contact, the event produces a tipped contacted object and visible displacement of nearby objects. No cuts, camera motion, people, hands, or additional moving objects appear.",Rigid collision,a tipped contacted object and visible displacement of nearby objects,the source object is absent and every receiver object remains upright and motionless,12001,49,8,0,16,outputs/protocol_v1/eval_original/rigid_collision/videos/030_a-realistic-locked-camera-video-in-one-continuous-shot-during-the-first_seed12001.mp4,outputs/protocol_v1/eval_negative_prompt/rigid_collision/videos/030_a-realistic-locked-camera-video-in-one-continuous-shot-during-the-first_seed12001.mp4,0.16975199,0.17635716,-3.89,0.13470303,0.06696145
v1,eval_rigid_collision_seen_unseen_01,,rigid_collision,test,seen_unseen,red_ball,one small red rubber ball,yes,plastic_cups,four rigid plastic cups standing upright,no,eval_explicit_b,"A realistic locked-camera video in one continuous shot. During the first two seconds, the scene contains four rigid plastic cups standing upright; all four cups are upright and motionless. The source object is not visible, and nothing changes. The source arrives only after the still opening: one small red rubber ball rolls from left to right along the tabletop and strikes the nearest receiver object once, causing a tipped contacted object and visible displacement of nearby objects. No cuts, camera motion, people, hands, or additional moving objects appear.",Rigid collision,a tipped contacted object and visible displacement of nearby objects,the source object is absent and every receiver object remains upright and motionless,12001,49,8,0,16,outputs/protocol_v1/eval_original/rigid_collision/videos/031_a-realistic-locked-camera-video-in-one-continuous-shot-during-the-first_seed12001.mp4,outputs/protocol_v1/eval_negative_prompt/rigid_collision/videos/031_a-realistic-locked-camera-video-in-one-continuous-shot-during-the-first_seed12001.mp4,0.13128966,0.09897721,24.61,0.09844112,0.06518555
v1,eval_rigid_collision_seen_unseen_02,,rigid_collision,test,seen_unseen,wood_cylinder,one short wooden cylinder,yes,aluminum_cans,four empty aluminum cans standing upright,no,eval_implicit_a,"A realistic locked-camera video in one continuous shot. During the first two seconds, the scene contains four empty aluminum cans standing upright; all four cans are upright and motionless. The source object is not visible, and nothing changes. The shot then naturally captures the moment when one short wooden cylinder rolls from left to right along the tabletop and strikes the nearest receiver object once. No cuts, camera motion, people, hands, or additional moving objects appear.",Rigid collision,a tipped contacted object and visible displacement of nearby objects,the source object is absent and every receiver object remains upright and motionless,12001,49,8,0,16,outputs/protocol_v1/eval_original/rigid_collision/videos/032_a-realistic-locked-camera-video-in-one-continuous-shot-during-the-first_seed12001.mp4,outputs/protocol_v1/eval_negative_prompt/rigid_collision/videos/032_a-realistic-locked-camera-video-in-one-continuous-shot-during-the-first_seed12001.mp4,0.11401854,0.09672636,15.17,0.12843601,0.11047424
v1,eval_rigid_collision_seen_unseen_03,,rigid_collision,test,seen_unseen,wood_cylinder,one short wooden cylinder,yes,plastic_cups,four rigid plastic cups standing upright,no,eval_implicit_b,"A realistic locked-camera video in one continuous shot. During the first two seconds, the scene contains four rigid plastic cups standing upright; all four cups are upright and motionless. The source object is not visible, and nothing changes. Without any camera change, the scene continues as one short wooden cylinder rolls from left to right along the tabletop and strikes the nearest receiver object once. No cuts, camera motion, people, hands, or additional moving objects appear.",Rigid collision,a tipped contacted object and visible displacement of nearby objects,the source object is absent and every receiver object remains upright and motionless,12001,49,8,0,16,outputs/protocol_v1/eval_original/rigid_collision/videos/033_a-realistic-locked-camera-video-in-one-continuous-shot-during-the-first_seed12001.mp4,outputs/protocol_v1/eval_negative_prompt/rigid_collision/videos/033_a-realistic-locked-camera-video-in-one-continuous-shot-during-the-first_seed12001.mp4,0.02720114,0.02628522,3.37,0.06908210,0.07769972
v1,eval_rigid_collision_seen_unseen_04,,rigid_collision,test,seen_unseen,metal_puck,one silver metal puck,yes,aluminum_cans,four empty aluminum cans standing upright,no,eval_compact,"A realistic locked-camera video in one continuous shot. During the first two seconds, the scene contains four empty aluminum cans standing upright; all four cans are upright and motionless. The source object is not visible, and nothing changes. After two still seconds, one silver metal puck slides from left to right along the tabletop and strikes the nearest receiver object once; afterward, the event produces a tipped contacted object and visible displacement of nearby objects. No cuts, camera motion, people, hands, or additional moving objects appear.",Rigid collision,a tipped contacted object and visible displacement of nearby objects,the source object is absent and every receiver object remains upright and motionless,12001,49,8,0,16,outputs/protocol_v1/eval_original/rigid_collision/videos/034_a-realistic-locked-camera-video-in-one-continuous-shot-during-the-first_seed12001.mp4,outputs/protocol_v1/eval_negative_prompt/rigid_collision/videos/034_a-realistic-locked-camera-video-in-one-continuous-shot-during-the-first_seed12001.mp4,0.13531272,0.04685689,65.37,0.14374816,0.09804999
v1,eval_rigid_collision_unseen_unseen_00,,rigid_collision,test,unseen_unseen,wood_cube,one small blue wooden cube,no,aluminum_cans,four empty aluminum cans standing upright,no,eval_explicit_a,"A realistic locked-camera video in one continuous shot. During the first two seconds, the scene contains four empty aluminum cans standing upright; all four cans are upright and motionless. The source object is not visible, and nothing changes. Next, one small blue wooden cube slides from left to right along the tabletop and strikes the nearest receiver object once. Following that contact, the event produces a tipped contacted object and visible displacement of nearby objects. No cuts, camera motion, people, hands, or additional moving objects appear.",Rigid collision,a tipped contacted object and visible displacement of nearby objects,the source object is absent and every receiver object remains upright and motionless,12001,49,8,0,16,outputs/protocol_v1/eval_original/rigid_collision/videos/035_a-realistic-locked-camera-video-in-one-continuous-shot-during-the-first_seed12001.mp4,outputs/protocol_v1/eval_negative_prompt/rigid_collision/videos/035_a-realistic-locked-camera-video-in-one-continuous-shot-during-the-first_seed12001.mp4,0.16844644,0.13487123,19.93,0.12818630,0.08146568
v1,eval_rigid_collision_unseen_unseen_01,,rigid_collision,test,unseen_unseen,wood_cube,one small blue wooden cube,no,plastic_cups,four rigid plastic cups standing upright,no,eval_explicit_b,"A realistic locked-camera video in one continuous shot. During the first two seconds, the scene contains four rigid plastic cups standing upright; all four cups are upright and motionless. The source object is not visible, and nothing changes. The source arrives only after the still opening: one small blue wooden cube slides from left to right along the tabletop and strikes the nearest receiver object once, causing a tipped contacted object and visible displacement of nearby objects. No cuts, camera motion, people, hands, or additional moving objects appear.",Rigid collision,a tipped contacted object and visible displacement of nearby objects,the source object is absent and every receiver object remains upright and motionless,12001,49,8,0,16,outputs/protocol_v1/eval_original/rigid_collision/videos/036_a-realistic-locked-camera-video-in-one-continuous-shot-during-the-first_seed12001.mp4,outputs/protocol_v1/eval_negative_prompt/rigid_collision/videos/036_a-realistic-locked-camera-video-in-one-continuous-shot-during-the-first_seed12001.mp4,0.07314432,0.07091165,3.05,0.07143817,0.06886614
v1,eval_rigid_collision_unseen_unseen_02,,rigid_collision,test,unseen_unseen,toy_car,one small yellow toy car,no,aluminum_cans,four empty aluminum cans standing upright,no,eval_implicit_a,"A realistic locked-camera video in one continuous shot. During the first two seconds, the scene contains four empty aluminum cans standing upright; all four cans are upright and motionless. The source object is not visible, and nothing changes. The shot then naturally captures the moment when one small yellow toy car rolls from left to right along the tabletop and strikes the nearest receiver object once. No cuts, camera motion, people, hands, or additional moving objects appear.",Rigid collision,a tipped contacted object and visible displacement of nearby objects,the source object is absent and every receiver object remains upright and motionless,12001,49,8,0,16,outputs/protocol_v1/eval_original/rigid_collision/videos/037_a-realistic-locked-camera-video-in-one-continuous-shot-during-the-first_seed12001.mp4,outputs/protocol_v1/eval_negative_prompt/rigid_collision/videos/037_a-realistic-locked-camera-video-in-one-continuous-shot-during-the-first_seed12001.mp4,0.05386179,0.04059141,24.64,0.10461926,0.10490970
v1,eval_rigid_collision_unseen_unseen_03,,rigid_collision,test,unseen_unseen,toy_car,one small yellow toy car,no,plastic_cups,four rigid plastic cups standing upright,no,eval_implicit_b,"A realistic locked-camera video in one continuous shot. During the first two seconds, the scene contains four rigid plastic cups standing upright; all four cups are upright and motionless. The source object is not visible, and nothing changes. Without any camera change, the scene continues as one small yellow toy car rolls from left to right along the tabletop and strikes the nearest receiver object once. No cuts, camera motion, people, hands, or additional moving objects appear.",Rigid collision,a tipped contacted object and visible displacement of nearby objects,the source object is absent and every receiver object remains upright and motionless,12001,49,8,0,16,outputs/protocol_v1/eval_original/rigid_collision/videos/038_a-realistic-locked-camera-video-in-one-continuous-shot-during-the-first_seed12001.mp4,outputs/protocol_v1/eval_negative_prompt/rigid_collision/videos/038_a-realistic-locked-camera-video-in-one-continuous-shot-during-the-first_seed12001.mp4,0.02748680,0.03500288,-27.34,0.05651938,0.06357877
v1,eval_rigid_collision_unseen_unseen_04,,rigid_collision,test,unseen_unseen,wood_cube,one small blue wooden cube,no,aluminum_cans,four empty aluminum cans standing upright,no,eval_compact,"A realistic locked-camera video in one continuous shot. During the first two seconds, the scene contains four empty aluminum cans standing upright; all four cans are upright and motionless. The source object is not visible, and nothing changes. After two still seconds, one small blue wooden cube slides from left to right along the tabletop and strikes the nearest receiver object once; afterward, the event produces a tipped contacted object and visible displacement of nearby objects. No cuts, camera motion, people, hands, or additional moving objects appear.",Rigid collision,a tipped contacted object and visible displacement of nearby objects,the source object is absent and every receiver object remains upright and motionless,12001,49,8,0,16,outputs/protocol_v1/eval_original/rigid_collision/videos/039_a-realistic-locked-camera-video-in-one-continuous-shot-during-the-first_seed12001.mp4,outputs/protocol_v1/eval_negative_prompt/rigid_collision/videos/039_a-realistic-locked-camera-video-in-one-continuous-shot-during-the-first_seed12001.mp4,0.03765017,0.03092266,17.87,0.11518224,0.12063701
v1,eval_brittle_fracture_seen_seen_00,,brittle_fracture,test,seen_seen,wood_mallet,one small wooden mallet,yes,glass_pane,one thin clear glass pane held upright,yes,eval_explicit_a,"A realistic locked-camera video in one continuous shot. During the first two seconds, the scene contains one thin clear glass pane held upright; the pane is intact, clear, and motionless. The source object is not visible, and nothing changes. Next, one small wooden mallet moves into frame from above and strikes one thin clear glass pane held upright once. Following that contact, the event produces spreading visible cracks and several separated glass fragments. No cuts, camera motion, people, hands, or additional moving objects appear.",Brittle fracture,spreading visible cracks and several separated glass fragments,"the source object is absent and the glass receiver remains intact, uncracked, and motionless",12002,49,8,0,16,outputs/protocol_v1/eval_original/brittle_fracture/videos/040_a-realistic-locked-camera-video-in-one-continuous-shot-during-the-first_seed12002.mp4,outputs/protocol_v1/eval_negative_prompt/brittle_fracture/videos/040_a-realistic-locked-camera-video-in-one-continuous-shot-during-the-first_seed12002.mp4,0.01692938,0.01356331,19.88,0.06278350,0.06555538
v1,eval_brittle_fracture_seen_seen_01,,brittle_fracture,test,seen_seen,wood_mallet,one small wooden mallet,yes,wine_glass,one empty clear wine glass on a table,yes,eval_explicit_b,"A realistic locked-camera video in one continuous shot. During the first two seconds, the scene contains one empty clear wine glass on a table; the glass is intact and motionless. The source object is not visible, and nothing changes. The source arrives only after the still opening: one small wooden mallet moves into frame from above and strikes one empty clear wine glass on a table once, causing spreading visible cracks and several separated glass fragments. No cuts, camera motion, people, hands, or additional moving objects appear.",Brittle fracture,spreading visible cracks and several separated glass fragments,"the source object is absent and the glass receiver remains intact, uncracked, and motionless",12002,49,8,0,16,outputs/protocol_v1/eval_original/brittle_fracture/videos/041_a-realistic-locked-camera-video-in-one-continuous-shot-during-the-first_seed12002.mp4,outputs/protocol_v1/eval_negative_prompt/brittle_fracture/videos/041_a-realistic-locked-camera-video-in-one-continuous-shot-during-the-first_seed12002.mp4,0.01682796,0.02655214,-57.79,0.12842815,0.13524266
v1,eval_brittle_fracture_seen_seen_02,,brittle_fracture,test,seen_seen,wood_mallet,one small wooden mallet,yes,glass_bottle,one empty clear glass bottle on a table,yes,eval_implicit_a,"A realistic locked-camera video in one continuous shot. During the first two seconds, the scene contains one empty clear glass bottle on a table; the bottle is intact and motionless. The source object is not visible, and nothing changes. The shot then naturally captures the moment when one small wooden mallet moves into frame from above and strikes one empty clear glass bottle on a table once. No cuts, camera motion, people, hands, or additional moving objects appear.",Brittle fracture,spreading visible cracks and several separated glass fragments,"the source object is absent and the glass receiver remains intact, uncracked, and motionless",12002,49,8,0,16,outputs/protocol_v1/eval_original/brittle_fracture/videos/042_a-realistic-locked-camera-video-in-one-continuous-shot-during-the-first_seed12002.mp4,outputs/protocol_v1/eval_negative_prompt/brittle_fracture/videos/042_a-realistic-locked-camera-video-in-one-continuous-shot-during-the-first_seed12002.mp4,0.01454503,0.02504736,-72.21,0.14234138,0.14536366
v1,eval_brittle_fracture_seen_seen_03,,brittle_fracture,test,seen_seen,metal_hammer,one small metal hammer,yes,glass_pane,one thin clear glass pane held upright,yes,eval_implicit_b,"A realistic locked-camera video in one continuous shot. During the first two seconds, the scene contains one thin clear glass pane held upright; the pane is intact, clear, and motionless. The source object is not visible, and nothing changes. Without any camera change, the scene continues as one small metal hammer moves into frame from above and strikes one thin clear glass pane held upright once. No cuts, camera motion, people, hands, or additional moving objects appear.",Brittle fracture,spreading visible cracks and several separated glass fragments,"the source object is absent and the glass receiver remains intact, uncracked, and motionless",12002,49,8,0,16,outputs/protocol_v1/eval_original/brittle_fracture/videos/043_a-realistic-locked-camera-video-in-one-continuous-shot-during-the-first_seed12002.mp4,outputs/protocol_v1/eval_negative_prompt/brittle_fracture/videos/043_a-realistic-locked-camera-video-in-one-continuous-shot-during-the-first_seed12002.mp4,0.00573751,0.01059988,-84.75,0.06957059,0.07207182
v1,eval_brittle_fracture_seen_seen_04,,brittle_fracture,test,seen_seen,metal_hammer,one small metal hammer,yes,wine_glass,one empty clear wine glass on a table,yes,eval_compact,"A realistic locked-camera video in one continuous shot. During the first two seconds, the scene contains one empty clear wine glass on a table; the glass is intact and motionless. The source object is not visible, and nothing changes. After two still seconds, one small metal hammer moves into frame from above and strikes one empty clear wine glass on a table once; afterward, the event produces spreading visible cracks and several separated glass fragments. No cuts, camera motion, people, hands, or additional moving objects appear.",Brittle fracture,spreading visible cracks and several separated glass fragments,"the source object is absent and the glass receiver remains intact, uncracked, and motionless",12002,49,8,0,16,outputs/protocol_v1/eval_original/brittle_fracture/videos/044_a-realistic-locked-camera-video-in-one-continuous-shot-during-the-first_seed12002.mp4,outputs/protocol_v1/eval_negative_prompt/brittle_fracture/videos/044_a-realistic-locked-camera-video-in-one-continuous-shot-during-the-first_seed12002.mp4,0.02409120,0.01875725,22.14,0.11160403,0.11039138
v1,eval_brittle_fracture_unseen_seen_00,,brittle_fracture,test,unseen_seen,gray_stone,one smooth gray stone,no,glass_pane,one thin clear glass pane held upright,yes,eval_explicit_a,"A realistic locked-camera video in one continuous shot. During the first two seconds, the scene contains one thin clear glass pane held upright; the pane is intact, clear, and motionless. The source object is not visible, and nothing changes. Next, one smooth gray stone falls vertically from above and strikes one thin clear glass pane held upright once. Following that contact, the event produces spreading visible cracks and several separated glass fragments. No cuts, camera motion, people, hands, or additional moving objects appear.",Brittle fracture,spreading visible cracks and several separated glass fragments,"the source object is absent and the glass receiver remains intact, uncracked, and motionless",12002,49,8,0,16,outputs/protocol_v1/eval_original/brittle_fracture/videos/045_a-realistic-locked-camera-video-in-one-continuous-shot-during-the-first_seed12002.mp4,outputs/protocol_v1/eval_negative_prompt/brittle_fracture/videos/045_a-realistic-locked-camera-video-in-one-continuous-shot-during-the-first_seed12002.mp4,0.02158047,0.01881839,12.80,0.06739873,0.07723951
v1,eval_brittle_fracture_unseen_seen_01,,brittle_fracture,test,unseen_seen,gray_stone,one smooth gray stone,no,wine_glass,one empty clear wine glass on a table,yes,eval_explicit_b,"A realistic locked-camera video in one continuous shot. During the first two seconds, the scene contains one empty clear wine glass on a table; the glass is intact and motionless. The source object is not visible, and nothing changes. The source arrives only after the still opening: one smooth gray stone falls vertically from above and strikes one empty clear wine glass on a table once, causing spreading visible cracks and several separated glass fragments. No cuts, camera motion, people, hands, or additional moving objects appear.",Brittle fracture,spreading visible cracks and several separated glass fragments,"the source object is absent and the glass receiver remains intact, uncracked, and motionless",12002,49,8,0,16,outputs/protocol_v1/eval_original/brittle_fracture/videos/046_a-realistic-locked-camera-video-in-one-continuous-shot-during-the-first_seed12002.mp4,outputs/protocol_v1/eval_negative_prompt/brittle_fracture/videos/046_a-realistic-locked-camera-video-in-one-continuous-shot-during-the-first_seed12002.mp4,0.02786771,0.02234645,19.81,0.11533134,0.11440714
v1,eval_brittle_fracture_unseen_seen_02,,brittle_fracture,test,unseen_seen,gray_stone,one smooth gray stone,no,glass_bottle,one empty clear glass bottle on a table,yes,eval_implicit_a,"A realistic locked-camera video in one continuous shot. During the first two seconds, the scene contains one empty clear glass bottle on a table; the bottle is intact and motionless. The source object is not visible, and nothing changes. The shot then naturally captures the moment when one smooth gray stone falls vertically from above and strikes one empty clear glass bottle on a table once. No cuts, camera motion, people, hands, or additional moving objects appear.",Brittle fracture,spreading visible cracks and several separated glass fragments,"the source object is absent and the glass receiver remains intact, uncracked, and motionless",12002,49,8,0,16,outputs/protocol_v1/eval_original/brittle_fracture/videos/047_a-realistic-locked-camera-video-in-one-continuous-shot-during-the-first_seed12002.mp4,outputs/protocol_v1/eval_negative_prompt/brittle_fracture/videos/047_a-realistic-locked-camera-video-in-one-continuous-shot-during-the-first_seed12002.mp4,0.01898006,0.02548335,-34.26,0.11767036,0.12385250
v1,eval_brittle_fracture_unseen_seen_03,,brittle_fracture,test,unseen_seen,wood_baton,one short wooden baton,no,glass_pane,one thin clear glass pane held upright,yes,eval_implicit_b,"A realistic locked-camera video in one continuous shot. During the first two seconds, the scene contains one thin clear glass pane held upright; the pane is intact, clear, and motionless. The source object is not visible, and nothing changes. Without any camera change, the scene continues as one short wooden baton moves into frame from above and strikes one thin clear glass pane held upright once. No cuts, camera motion, people, hands, or additional moving objects appear.",Brittle fracture,spreading visible cracks and several separated glass fragments,"the source object is absent and the glass receiver remains intact, uncracked, and motionless",12002,49,8,0,16,outputs/protocol_v1/eval_original/brittle_fracture/videos/048_a-realistic-locked-camera-video-in-one-continuous-shot-during-the-first_seed12002.mp4,outputs/protocol_v1/eval_negative_prompt/brittle_fracture/videos/048_a-realistic-locked-camera-video-in-one-continuous-shot-during-the-first_seed12002.mp4,0.00987673,0.00840104,14.94,0.06959125,0.06887051
v1,eval_brittle_fracture_unseen_seen_04,,brittle_fracture,test,unseen_seen,wood_baton,one short wooden baton,no,wine_glass,one empty clear wine glass on a table,yes,eval_compact,"A realistic locked-camera video in one continuous shot. During the first two seconds, the scene contains one empty clear wine glass on a table; the glass is intact and motionless. The source object is not visible, and nothing changes. After two still seconds, one short wooden baton moves into frame from above and strikes one empty clear wine glass on a table once; afterward, the event produces spreading visible cracks and several separated glass fragments. No cuts, camera motion, people, hands, or additional moving objects appear.",Brittle fracture,spreading visible cracks and several separated glass fragments,"the source object is absent and the glass receiver remains intact, uncracked, and motionless",12002,49,8,0,16,outputs/protocol_v1/eval_original/brittle_fracture/videos/049_a-realistic-locked-camera-video-in-one-continuous-shot-during-the-first_seed12002.mp4,outputs/protocol_v1/eval_negative_prompt/brittle_fracture/videos/049_a-realistic-locked-camera-video-in-one-continuous-shot-during-the-first_seed12002.mp4,0.02541856,0.02065608,18.74,0.12359961,0.12978414
v1,eval_brittle_fracture_seen_unseen_00,,brittle_fracture,test,seen_unseen,wood_mallet,one small wooden mallet,yes,glass_bowl,one empty clear glass bowl on a table,no,eval_explicit_a,"A realistic locked-camera video in one continuous shot. During the first two seconds, the scene contains one empty clear glass bowl on a table; the bowl is intact and motionless. The source object is not visible, and nothing changes. Next, one small wooden mallet moves into frame from above and strikes one empty clear glass bowl on a table once. Following that contact, the event produces spreading visible cracks and several separated glass fragments. No cuts, camera motion, people, hands, or additional moving objects appear.",Brittle fracture,spreading visible cracks and several separated glass fragments,"the source object is absent and the glass receiver remains intact, uncracked, and motionless",12002,49,8,0,16,outputs/protocol_v1/eval_original/brittle_fracture/videos/050_a-realistic-locked-camera-video-in-one-continuous-shot-during-the-first_seed12002.mp4,outputs/protocol_v1/eval_negative_prompt/brittle_fracture/videos/050_a-realistic-locked-camera-video-in-one-continuous-shot-during-the-first_seed12002.mp4,0.02028148,0.02811633,-38.63,0.12709092,0.10716163
v1,eval_brittle_fracture_seen_unseen_01,,brittle_fracture,test,seen_unseen,wood_mallet,one small wooden mallet,yes,glass_jar,one empty clear glass jar on a table,no,eval_explicit_b,"A realistic locked-camera video in one continuous shot. During the first two seconds, the scene contains one empty clear glass jar on a table; the jar is intact and motionless. The source object is not visible, and nothing changes. The source arrives only after the still opening: one small wooden mallet moves into frame from above and strikes one empty clear glass jar on a table once, causing spreading visible cracks and several separated glass fragments. No cuts, camera motion, people, hands, or additional moving objects appear.",Brittle fracture,spreading visible cracks and several separated glass fragments,"the source object is absent and the glass receiver remains intact, uncracked, and motionless",12002,49,8,0,16,outputs/protocol_v1/eval_original/brittle_fracture/videos/051_a-realistic-locked-camera-video-in-one-continuous-shot-during-the-first_seed12002.mp4,outputs/protocol_v1/eval_negative_prompt/brittle_fracture/videos/051_a-realistic-locked-camera-video-in-one-continuous-shot-during-the-first_seed12002.mp4,0.01504762,0.02262178,-50.33,0.13009000,0.12666057
v1,eval_brittle_fracture_seen_unseen_02,,brittle_fracture,test,seen_unseen,metal_hammer,one small metal hammer,yes,glass_bowl,one empty clear glass bowl on a table,no,eval_implicit_a,"A realistic locked-camera video in one continuous shot. During the first two seconds, the scene contains one empty clear glass bowl on a table; the bowl is intact and motionless. The source object is not visible, and nothing changes. The shot then naturally captures the moment when one small metal hammer moves into frame from above and strikes one empty clear glass bowl on a table once. No cuts, camera motion, people, hands, or additional moving objects appear.",Brittle fracture,spreading visible cracks and several separated glass fragments,"the source object is absent and the glass receiver remains intact, uncracked, and motionless",12002,49,8,0,16,outputs/protocol_v1/eval_original/brittle_fracture/videos/052_a-realistic-locked-camera-video-in-one-continuous-shot-during-the-first_seed12002.mp4,outputs/protocol_v1/eval_negative_prompt/brittle_fracture/videos/052_a-realistic-locked-camera-video-in-one-continuous-shot-during-the-first_seed12002.mp4,0.00923618,0.01585797,-71.69,0.12102182,0.12263072
v1,eval_brittle_fracture_seen_unseen_03,,brittle_fracture,test,seen_unseen,metal_hammer,one small metal hammer,yes,glass_jar,one empty clear glass jar on a table,no,eval_implicit_b,"A realistic locked-camera video in one continuous shot. During the first two seconds, the scene contains one empty clear glass jar on a table; the jar is intact and motionless. The source object is not visible, and nothing changes. Without any camera change, the scene continues as one small metal hammer moves into frame from above and strikes one empty clear glass jar on a table once. No cuts, camera motion, people, hands, or additional moving objects appear.",Brittle fracture,spreading visible cracks and several separated glass fragments,"the source object is absent and the glass receiver remains intact, uncracked, and motionless",12002,49,8,0,16,outputs/protocol_v1/eval_original/brittle_fracture/videos/053_a-realistic-locked-camera-video-in-one-continuous-shot-during-the-first_seed12002.mp4,outputs/protocol_v1/eval_negative_prompt/brittle_fracture/videos/053_a-realistic-locked-camera-video-in-one-continuous-shot-during-the-first_seed12002.mp4,0.02234315,0.02226551,0.35,0.14862071,0.14938043
v1,eval_brittle_fracture_seen_unseen_04,,brittle_fracture,test,seen_unseen,steel_ball,one polished steel ball,yes,glass_bowl,one empty clear glass bowl on a table,no,eval_compact,"A realistic locked-camera video in one continuous shot. During the first two seconds, the scene contains one empty clear glass bowl on a table; the bowl is intact and motionless. The source object is not visible, and nothing changes. After two still seconds, one polished steel ball falls vertically from above and strikes one empty clear glass bowl on a table once; afterward, the event produces spreading visible cracks and several separated glass fragments. No cuts, camera motion, people, hands, or additional moving objects appear.",Brittle fracture,spreading visible cracks and several separated glass fragments,"the source object is absent and the glass receiver remains intact, uncracked, and motionless",12002,49,8,0,16,outputs/protocol_v1/eval_original/brittle_fracture/videos/054_a-realistic-locked-camera-video-in-one-continuous-shot-during-the-first_seed12002.mp4,outputs/protocol_v1/eval_negative_prompt/brittle_fracture/videos/054_a-realistic-locked-camera-video-in-one-continuous-shot-during-the-first_seed12002.mp4,0.02504877,0.02127240,15.08,0.09787542,0.09877225
v1,eval_brittle_fracture_unseen_unseen_00,,brittle_fracture,test,unseen_unseen,gray_stone,one smooth gray stone,no,glass_bowl,one empty clear glass bowl on a table,no,eval_explicit_a,"A realistic locked-camera video in one continuous shot. During the first two seconds, the scene contains one empty clear glass bowl on a table; the bowl is intact and motionless. The source object is not visible, and nothing changes. Next, one smooth gray stone falls vertically from above and strikes one empty clear glass bowl on a table once. Following that contact, the event produces spreading visible cracks and several separated glass fragments. No cuts, camera motion, people, hands, or additional moving objects appear.",Brittle fracture,spreading visible cracks and several separated glass fragments,"the source object is absent and the glass receiver remains intact, uncracked, and motionless",12002,49,8,0,16,outputs/protocol_v1/eval_original/brittle_fracture/videos/055_a-realistic-locked-camera-video-in-one-continuous-shot-during-the-first_seed12002.mp4,outputs/protocol_v1/eval_negative_prompt/brittle_fracture/videos/055_a-realistic-locked-camera-video-in-one-continuous-shot-during-the-first_seed12002.mp4,0.01606690,0.02080524,-29.49,0.09224771,0.09757835
v1,eval_brittle_fracture_unseen_unseen_01,,brittle_fracture,test,unseen_unseen,gray_stone,one smooth gray stone,no,glass_jar,one empty clear glass jar on a table,no,eval_explicit_b,"A realistic locked-camera video in one continuous shot. During the first two seconds, the scene contains one empty clear glass jar on a table; the jar is intact and motionless. The source object is not visible, and nothing changes. The source arrives only after the still opening: one smooth gray stone falls vertically from above and strikes one empty clear glass jar on a table once, causing spreading visible cracks and several separated glass fragments. No cuts, camera motion, people, hands, or additional moving objects appear.",Brittle fracture,spreading visible cracks and several separated glass fragments,"the source object is absent and the glass receiver remains intact, uncracked, and motionless",12002,49,8,0,16,outputs/protocol_v1/eval_original/brittle_fracture/videos/056_a-realistic-locked-camera-video-in-one-continuous-shot-during-the-first_seed12002.mp4,outputs/protocol_v1/eval_negative_prompt/brittle_fracture/videos/056_a-realistic-locked-camera-video-in-one-continuous-shot-during-the-first_seed12002.mp4,0.01535494,0.02263036,-47.38,0.11711303,0.11628753
v1,eval_brittle_fracture_unseen_unseen_02,,brittle_fracture,test,unseen_unseen,wood_baton,one short wooden baton,no,glass_bowl,one empty clear glass bowl on a table,no,eval_implicit_a,"A realistic locked-camera video in one continuous shot. During the first two seconds, the scene contains one empty clear glass bowl on a table; the bowl is intact and motionless. The source object is not visible, and nothing changes. The shot then naturally captures the moment when one short wooden baton moves into frame from above and strikes one empty clear glass bowl on a table once. No cuts, camera motion, people, hands, or additional moving objects appear.",Brittle fracture,spreading visible cracks and several separated glass fragments,"the source object is absent and the glass receiver remains intact, uncracked, and motionless",12002,49,8,0,16,outputs/protocol_v1/eval_original/brittle_fracture/videos/057_a-realistic-locked-camera-video-in-one-continuous-shot-during-the-first_seed12002.mp4,outputs/protocol_v1/eval_negative_prompt/brittle_fracture/videos/057_a-realistic-locked-camera-video-in-one-continuous-shot-during-the-first_seed12002.mp4,0.00709982,0.01342474,-89.09,0.11234730,0.11701200
v1,eval_brittle_fracture_unseen_unseen_03,,brittle_fracture,test,unseen_unseen,wood_baton,one short wooden baton,no,glass_jar,one empty clear glass jar on a table,no,eval_implicit_b,"A realistic locked-camera video in one continuous shot. During the first two seconds, the scene contains one empty clear glass jar on a table; the jar is intact and motionless. The source object is not visible, and nothing changes. Without any camera change, the scene continues as one short wooden baton moves into frame from above and strikes one empty clear glass jar on a table once. No cuts, camera motion, people, hands, or additional moving objects appear.",Brittle fracture,spreading visible cracks and several separated glass fragments,"the source object is absent and the glass receiver remains intact, uncracked, and motionless",12002,49,8,0,16,outputs/protocol_v1/eval_original/brittle_fracture/videos/058_a-realistic-locked-camera-video-in-one-continuous-shot-during-the-first_seed12002.mp4,outputs/protocol_v1/eval_negative_prompt/brittle_fracture/videos/058_a-realistic-locked-camera-video-in-one-continuous-shot-during-the-first_seed12002.mp4,0.01335573,0.03159377,-136.56,0.12729578,0.14976436
v1,eval_brittle_fracture_unseen_unseen_04,,brittle_fracture,test,unseen_unseen,gray_stone,one smooth gray stone,no,glass_bowl,one empty clear glass bowl on a table,no,eval_compact,"A realistic locked-camera video in one continuous shot. During the first two seconds, the scene contains one empty clear glass bowl on a table; the bowl is intact and motionless. The source object is not visible, and nothing changes. After two still seconds, one smooth gray stone falls vertically from above and strikes one empty clear glass bowl on a table once; afterward, the event produces spreading visible cracks and several separated glass fragments. No cuts, camera motion, people, hands, or additional moving objects appear.",Brittle fracture,spreading visible cracks and several separated glass fragments,"the source object is absent and the glass receiver remains intact, uncracked, and motionless",12002,49,8,0,16,outputs/protocol_v1/eval_original/brittle_fracture/videos/059_a-realistic-locked-camera-video-in-one-continuous-shot-during-the-first_seed12002.mp4,outputs/protocol_v1/eval_negative_prompt/brittle_fracture/videos/059_a-realistic-locked-camera-video-in-one-continuous-shot-during-the-first_seed12002.mp4,0.02144732,0.01122888,47.64,0.10032166,0.10553101
v1,eval_powder_impact_seen_seen_00,,powder_impact,test,seen_seen,red_apple,one small red apple,yes,flour,a shallow dark tray filled with white flour,yes,eval_explicit_a,"A realistic locked-camera video in one continuous shot. During the first two seconds, the scene contains a shallow dark tray filled with white flour; the powder surface is flat, smooth, and motionless. The source object is not visible, and nothing changes. Next, one small red apple falls vertically from above and impacts the center of the material. Following that contact, the event produces a short powder plume and a visible impact crater. No cuts, camera motion, people, hands, or additional moving objects appear.",Powder impact,a short powder plume and a visible impact crater,"the source object is absent and the powder surface remains flat, smooth, and undisturbed",12003,49,8,0,16,outputs/protocol_v1/eval_original/powder_impact/videos/060_a-realistic-locked-camera-video-in-one-continuous-shot-during-the-first_seed12003.mp4,outputs/protocol_v1/eval_negative_prompt/powder_impact/videos/060_a-realistic-locked-camera-video-in-one-continuous-shot-during-the-first_seed12003.mp4,0.01337011,0.01508949,-12.86,0.10308662,0.10634294
v1,eval_powder_impact_seen_seen_01,,powder_impact,test,seen_seen,red_apple,one small red apple,yes,cornstarch,a shallow dark tray filled with white cornstarch,yes,eval_explicit_b,"A realistic locked-camera video in one continuous shot. During the first two seconds, the scene contains a shallow dark tray filled with white cornstarch; the powder surface is flat, smooth, and motionless. The source object is not visible, and nothing changes. The source arrives only after the still opening: one small red apple falls vertically from above and impacts the center of the material, causing a short powder plume and a visible impact crater. No cuts, camera motion, people, hands, or additional moving objects appear.",Powder impact,a short powder plume and a visible impact crater,"the source object is absent and the powder surface remains flat, smooth, and undisturbed",12003,49,8,0,16,outputs/protocol_v1/eval_original/powder_impact/videos/061_a-realistic-locked-camera-video-in-one-continuous-shot-during-the-first_seed12003.mp4,outputs/protocol_v1/eval_negative_prompt/powder_impact/videos/061_a-realistic-locked-camera-video-in-one-continuous-shot-during-the-first_seed12003.mp4,0.00753230,0.01079193,-43.28,0.11866412,0.12029164
v1,eval_powder_impact_seen_seen_02,,powder_impact,test,seen_seen,red_apple,one small red apple,yes,fine_sand,a shallow dark tray filled with fine dry sand,yes,eval_implicit_a,"A realistic locked-camera video in one continuous shot. During the first two seconds, the scene contains a shallow dark tray filled with fine dry sand; the granular surface is flat, smooth, and motionless. The source object is not visible, and nothing changes. The shot then naturally captures the moment when one small red apple falls vertically from above and impacts the center of the material. No cuts, camera motion, people, hands, or additional moving objects appear.",Powder impact,a short powder plume and a visible impact crater,"the source object is absent and the powder surface remains flat, smooth, and undisturbed",12003,49,8,0,16,outputs/protocol_v1/eval_original/powder_impact/videos/062_a-realistic-locked-camera-video-in-one-continuous-shot-during-the-first_seed12003.mp4,outputs/protocol_v1/eval_negative_prompt/powder_impact/videos/062_a-realistic-locked-camera-video-in-one-continuous-shot-during-the-first_seed12003.mp4,0.03061809,0.04734016,-54.61,0.21028736,0.20177050
v1,eval_powder_impact_seen_seen_03,,powder_impact,test,seen_seen,wood_cube,one small wooden cube,yes,flour,a shallow dark tray filled with white flour,yes,eval_implicit_b,"A realistic locked-camera video in one continuous shot. During the first two seconds, the scene contains a shallow dark tray filled with white flour; the powder surface is flat, smooth, and motionless. The source object is not visible, and nothing changes. Without any camera change, the scene continues as one small wooden cube falls vertically from above and impacts the center of the material. No cuts, camera motion, people, hands, or additional moving objects appear.",Powder impact,a short powder plume and a visible impact crater,"the source object is absent and the powder surface remains flat, smooth, and undisturbed",12003,49,8,0,16,outputs/protocol_v1/eval_original/powder_impact/videos/063_a-realistic-locked-camera-video-in-one-continuous-shot-during-the-first_seed12003.mp4,outputs/protocol_v1/eval_negative_prompt/powder_impact/videos/063_a-realistic-locked-camera-video-in-one-continuous-shot-during-the-first_seed12003.mp4,0.01592194,0.03136532,-96.99,0.10963182,0.11350114
v1,eval_powder_impact_seen_seen_04,,powder_impact,test,seen_seen,wood_cube,one small wooden cube,yes,cornstarch,a shallow dark tray filled with white cornstarch,yes,eval_compact,"A realistic locked-camera video in one continuous shot. During the first two seconds, the scene contains a shallow dark tray filled with white cornstarch; the powder surface is flat, smooth, and motionless. The source object is not visible, and nothing changes. After two still seconds, one small wooden cube falls vertically from above and impacts the center of the material; afterward, the event produces a short powder plume and a visible impact crater. No cuts, camera motion, people, hands, or additional moving objects appear.",Powder impact,a short powder plume and a visible impact crater,"the source object is absent and the powder surface remains flat, smooth, and undisturbed",12003,49,8,0,16,outputs/protocol_v1/eval_original/powder_impact/videos/064_a-realistic-locked-camera-video-in-one-continuous-shot-during-the-first_seed12003.mp4,outputs/protocol_v1/eval_negative_prompt/powder_impact/videos/064_a-realistic-locked-camera-video-in-one-continuous-shot-during-the-first_seed12003.mp4,0.01511020,0.01763025,-16.68,0.10838801,0.11146219
v1,eval_powder_impact_unseen_seen_00,,powder_impact,test,unseen_seen,gray_stone,one smooth gray stone,no,flour,a shallow dark tray filled with white flour,yes,eval_explicit_a,"A realistic locked-camera video in one continuous shot. During the first two seconds, the scene contains a shallow dark tray filled with white flour; the powder surface is flat, smooth, and motionless. The source object is not visible, and nothing changes. Next, one smooth gray stone falls vertically from above and impacts the center of the material. Following that contact, the event produces a short powder plume and a visible impact crater. No cuts, camera motion, people, hands, or additional moving objects appear.",Powder impact,a short powder plume and a visible impact crater,"the source object is absent and the powder surface remains flat, smooth, and undisturbed",12003,49,8,0,16,outputs/protocol_v1/eval_original/powder_impact/videos/065_a-realistic-locked-camera-video-in-one-continuous-shot-during-the-first_seed12003.mp4,outputs/protocol_v1/eval_negative_prompt/powder_impact/videos/065_a-realistic-locked-camera-video-in-one-continuous-shot-during-the-first_seed12003.mp4,0.05423348,0.02020354,62.75,0.11593137,0.12451754
v1,eval_powder_impact_unseen_seen_01,,powder_impact,test,unseen_seen,gray_stone,one smooth gray stone,no,cornstarch,a shallow dark tray filled with white cornstarch,yes,eval_explicit_b,"A realistic locked-camera video in one continuous shot. During the first two seconds, the scene contains a shallow dark tray filled with white cornstarch; the powder surface is flat, smooth, and motionless. The source object is not visible, and nothing changes. The source arrives only after the still opening: one smooth gray stone falls vertically from above and impacts the center of the material, causing a short powder plume and a visible impact crater. No cuts, camera motion, people, hands, or additional moving objects appear.",Powder impact,a short powder plume and a visible impact crater,"the source object is absent and the powder surface remains flat, smooth, and undisturbed",12003,49,8,0,16,outputs/protocol_v1/eval_original/powder_impact/videos/066_a-realistic-locked-camera-video-in-one-continuous-shot-during-the-first_seed12003.mp4,outputs/protocol_v1/eval_negative_prompt/powder_impact/videos/066_a-realistic-locked-camera-video-in-one-continuous-shot-during-the-first_seed12003.mp4,0.02385971,0.02352132,1.42,0.09941170,0.09872631
v1,eval_powder_impact_unseen_seen_02,,powder_impact,test,unseen_seen,gray_stone,one smooth gray stone,no,fine_sand,a shallow dark tray filled with fine dry sand,yes,eval_implicit_a,"A realistic locked-camera video in one continuous shot. During the first two seconds, the scene contains a shallow dark tray filled with fine dry sand; the granular surface is flat, smooth, and motionless. The source object is not visible, and nothing changes. The shot then naturally captures the moment when one smooth gray stone falls vertically from above and impacts the center of the material. No cuts, camera motion, people, hands, or additional moving objects appear.",Powder impact,a short powder plume and a visible impact crater,"the source object is absent and the powder surface remains flat, smooth, and undisturbed",12003,49,8,0,16,outputs/protocol_v1/eval_original/powder_impact/videos/067_a-realistic-locked-camera-video-in-one-continuous-shot-during-the-first_seed12003.mp4,outputs/protocol_v1/eval_negative_prompt/powder_impact/videos/067_a-realistic-locked-camera-video-in-one-continuous-shot-during-the-first_seed12003.mp4,0.03441189,0.03814811,-10.86,0.21347302,0.21665651
v1,eval_powder_impact_unseen_seen_03,,powder_impact,test,unseen_seen,yellow_ball,one small yellow rubber ball,no,flour,a shallow dark tray filled with white flour,yes,eval_implicit_b,"A realistic locked-camera video in one continuous shot. During the first two seconds, the scene contains a shallow dark tray filled with white flour; the powder surface is flat, smooth, and motionless. The source object is not visible, and nothing changes. Without any camera change, the scene continues as one small yellow rubber ball falls vertically from above and impacts the center of the material. No cuts, camera motion, people, hands, or additional moving objects appear.",Powder impact,a short powder plume and a visible impact crater,"the source object is absent and the powder surface remains flat, smooth, and undisturbed",12003,49,8,0,16,outputs/protocol_v1/eval_original/powder_impact/videos/068_a-realistic-locked-camera-video-in-one-continuous-shot-during-the-first_seed12003.mp4,outputs/protocol_v1/eval_negative_prompt/powder_impact/videos/068_a-realistic-locked-camera-video-in-one-continuous-shot-during-the-first_seed12003.mp4,0.02125973,0.02509274,-18.03,0.10073819,0.10395471
v1,eval_powder_impact_unseen_seen_04,,powder_impact,test,unseen_seen,yellow_ball,one small yellow rubber ball,no,cornstarch,a shallow dark tray filled with white cornstarch,yes,eval_compact,"A realistic locked-camera video in one continuous shot. During the first two seconds, the scene contains a shallow dark tray filled with white cornstarch; the powder surface is flat, smooth, and motionless. The source object is not visible, and nothing changes. After two still seconds, one small yellow rubber ball falls vertically from above and impacts the center of the material; afterward, the event produces a short powder plume and a visible impact crater. No cuts, camera motion, people, hands, or additional moving objects appear.",Powder impact,a short powder plume and a visible impact crater,"the source object is absent and the powder surface remains flat, smooth, and undisturbed",12003,49,8,0,16,outputs/protocol_v1/eval_original/powder_impact/videos/069_a-realistic-locked-camera-video-in-one-continuous-shot-during-the-first_seed12003.mp4,outputs/protocol_v1/eval_negative_prompt/powder_impact/videos/069_a-realistic-locked-camera-video-in-one-continuous-shot-during-the-first_seed12003.mp4,0.01090862,0.01702784,-56.10,0.11962051,0.11764691
v1,eval_powder_impact_seen_unseen_00,,powder_impact,test,seen_unseen,red_apple,one small red apple,yes,powdered_sugar,a shallow dark tray filled with white powdered sugar,no,eval_explicit_a,"A realistic locked-camera video in one continuous shot. During the first two seconds, the scene contains a shallow dark tray filled with white powdered sugar; the powder surface is flat, smooth, and motionless. The source object is not visible, and nothing changes. Next, one small red apple falls vertically from above and impacts the center of the material. Following that contact, the event produces a short powder plume and a visible impact crater. No cuts, camera motion, people, hands, or additional moving objects appear.",Powder impact,a short powder plume and a visible impact crater,"the source object is absent and the powder surface remains flat, smooth, and undisturbed",12003,49,8,0,16,outputs/protocol_v1/eval_original/powder_impact/videos/070_a-realistic-locked-camera-video-in-one-continuous-shot-during-the-first_seed12003.mp4,outputs/protocol_v1/eval_negative_prompt/powder_impact/videos/070_a-realistic-locked-camera-video-in-one-continuous-shot-during-the-first_seed12003.mp4,0.01561606,0.01873763,-19.99,0.09402233,0.09058686
v1,eval_powder_impact_seen_unseen_01,,powder_impact,test,seen_unseen,red_apple,one small red apple,yes,cocoa_powder,a shallow light-gray tray filled with cocoa powder,no,eval_explicit_b,"A realistic locked-camera video in one continuous shot. During the first two seconds, the scene contains a shallow light-gray tray filled with cocoa powder; the powder surface is flat, smooth, and motionless. The source object is not visible, and nothing changes. The source arrives only after the still opening: one small red apple falls vertically from above and impacts the center of the material, causing a short powder plume and a visible impact crater. No cuts, camera motion, people, hands, or additional moving objects appear.",Powder impact,a short powder plume and a visible impact crater,"the source object is absent and the powder surface remains flat, smooth, and undisturbed",12003,49,8,0,16,outputs/protocol_v1/eval_original/powder_impact/videos/071_a-realistic-locked-camera-video-in-one-continuous-shot-during-the-first_seed12003.mp4,outputs/protocol_v1/eval_negative_prompt/powder_impact/videos/071_a-realistic-locked-camera-video-in-one-continuous-shot-during-the-first_seed12003.mp4,0.01932598,0.02102233,-8.78,0.14712016,0.14209174
v1,eval_powder_impact_seen_unseen_02,,powder_impact,test,seen_unseen,wood_cube,one small wooden cube,yes,powdered_sugar,a shallow dark tray filled with white powdered sugar,no,eval_implicit_a,"A realistic locked-camera video in one continuous shot. During the first two seconds, the scene contains a shallow dark tray filled with white powdered sugar; the powder surface is flat, smooth, and motionless. The source object is not visible, and nothing changes. The shot then naturally captures the moment when one small wooden cube falls vertically from above and impacts the center of the material. No cuts, camera motion, people, hands, or additional moving objects appear.",Powder impact,a short powder plume and a visible impact crater,"the source object is absent and the powder surface remains flat, smooth, and undisturbed",12003,49,8,0,16,outputs/protocol_v1/eval_original/powder_impact/videos/072_a-realistic-locked-camera-video-in-one-continuous-shot-during-the-first_seed12003.mp4,outputs/protocol_v1/eval_negative_prompt/powder_impact/videos/072_a-realistic-locked-camera-video-in-one-continuous-shot-during-the-first_seed12003.mp4,0.01731090,0.02568978,-48.40,0.10394076,0.10543259
v1,eval_powder_impact_seen_unseen_03,,powder_impact,test,seen_unseen,wood_cube,one small wooden cube,yes,cocoa_powder,a shallow light-gray tray filled with cocoa powder,no,eval_implicit_b,"A realistic locked-camera video in one continuous shot. During the first two seconds, the scene contains a shallow light-gray tray filled with cocoa powder; the powder surface is flat, smooth, and motionless. The source object is not visible, and nothing changes. Without any camera change, the scene continues as one small wooden cube falls vertically from above and impacts the center of the material. No cuts, camera motion, people, hands, or additional moving objects appear.",Powder impact,a short powder plume and a visible impact crater,"the source object is absent and the powder surface remains flat, smooth, and undisturbed",12003,49,8,0,16,outputs/protocol_v1/eval_original/powder_impact/videos/073_a-realistic-locked-camera-video-in-one-continuous-shot-during-the-first_seed12003.mp4,outputs/protocol_v1/eval_negative_prompt/powder_impact/videos/073_a-realistic-locked-camera-video-in-one-continuous-shot-during-the-first_seed12003.mp4,0.01357173,0.01487007,-9.57,0.13922848,0.13378143
v1,eval_powder_impact_seen_unseen_04,,powder_impact,test,seen_unseen,steel_ball,one polished steel ball,yes,powdered_sugar,a shallow dark tray filled with white powdered sugar,no,eval_compact,"A realistic locked-camera video in one continuous shot. During the first two seconds, the scene contains a shallow dark tray filled with white powdered sugar; the powder surface is flat, smooth, and motionless. The source object is not visible, and nothing changes. After two still seconds, one polished steel ball falls vertically from above and impacts the center of the material; afterward, the event produces a short powder plume and a visible impact crater. No cuts, camera motion, people, hands, or additional moving objects appear.",Powder impact,a short powder plume and a visible impact crater,"the source object is absent and the powder surface remains flat, smooth, and undisturbed",12003,49,8,0,16,outputs/protocol_v1/eval_original/powder_impact/videos/074_a-realistic-locked-camera-video-in-one-continuous-shot-during-the-first_seed12003.mp4,outputs/protocol_v1/eval_negative_prompt/powder_impact/videos/074_a-realistic-locked-camera-video-in-one-continuous-shot-during-the-first_seed12003.mp4,0.02046927,0.02238062,-9.34,0.08555403,0.09134288
v1,eval_powder_impact_unseen_unseen_00,,powder_impact,test,unseen_unseen,gray_stone,one smooth gray stone,no,powdered_sugar,a shallow dark tray filled with white powdered sugar,no,eval_explicit_a,"A realistic locked-camera video in one continuous shot. During the first two seconds, the scene contains a shallow dark tray filled with white powdered sugar; the powder surface is flat, smooth, and motionless. The source object is not visible, and nothing changes. Next, one smooth gray stone falls vertically from above and impacts the center of the material. Following that contact, the event produces a short powder plume and a visible impact crater. No cuts, camera motion, people, hands, or additional moving objects appear.",Powder impact,a short powder plume and a visible impact crater,"the source object is absent and the powder surface remains flat, smooth, and undisturbed",12003,49,8,0,16,outputs/protocol_v1/eval_original/powder_impact/videos/075_a-realistic-locked-camera-video-in-one-continuous-shot-during-the-first_seed12003.mp4,outputs/protocol_v1/eval_negative_prompt/powder_impact/videos/075_a-realistic-locked-camera-video-in-one-continuous-shot-during-the-first_seed12003.mp4,0.03258985,0.02907714,10.78,0.09176509,0.10317812
v1,eval_powder_impact_unseen_unseen_01,,powder_impact,test,unseen_unseen,gray_stone,one smooth gray stone,no,cocoa_powder,a shallow light-gray tray filled with cocoa powder,no,eval_explicit_b,"A realistic locked-camera video in one continuous shot. During the first two seconds, the scene contains a shallow light-gray tray filled with cocoa powder; the powder surface is flat, smooth, and motionless. The source object is not visible, and nothing changes. The source arrives only after the still opening: one smooth gray stone falls vertically from above and impacts the center of the material, causing a short powder plume and a visible impact crater. No cuts, camera motion, people, hands, or additional moving objects appear.",Powder impact,a short powder plume and a visible impact crater,"the source object is absent and the powder surface remains flat, smooth, and undisturbed",12003,49,8,0,16,outputs/protocol_v1/eval_original/powder_impact/videos/076_a-realistic-locked-camera-video-in-one-continuous-shot-during-the-first_seed12003.mp4,outputs/protocol_v1/eval_negative_prompt/powder_impact/videos/076_a-realistic-locked-camera-video-in-one-continuous-shot-during-the-first_seed12003.mp4,0.05477184,0.04407495,19.53,0.16023664,0.15623687
v1,eval_powder_impact_unseen_unseen_02,,powder_impact,test,unseen_unseen,yellow_ball,one small yellow rubber ball,no,powdered_sugar,a shallow dark tray filled with white powdered sugar,no,eval_implicit_a,"A realistic locked-camera video in one continuous shot. During the first two seconds, the scene contains a shallow dark tray filled with white powdered sugar; the powder surface is flat, smooth, and motionless. The source object is not visible, and nothing changes. The shot then naturally captures the moment when one small yellow rubber ball falls vertically from above and impacts the center of the material. No cuts, camera motion, people, hands, or additional moving objects appear.",Powder impact,a short powder plume and a visible impact crater,"the source object is absent and the powder surface remains flat, smooth, and undisturbed",12003,49,8,0,16,outputs/protocol_v1/eval_original/powder_impact/videos/077_a-realistic-locked-camera-video-in-one-continuous-shot-during-the-first_seed12003.mp4,outputs/protocol_v1/eval_negative_prompt/powder_impact/videos/077_a-realistic-locked-camera-video-in-one-continuous-shot-during-the-first_seed12003.mp4,0.02175847,0.02210854,-1.61,0.10027925,0.10351317
v1,eval_powder_impact_unseen_unseen_03,,powder_impact,test,unseen_unseen,yellow_ball,one small yellow rubber ball,no,cocoa_powder,a shallow light-gray tray filled with cocoa powder,no,eval_implicit_b,"A realistic locked-camera video in one continuous shot. During the first two seconds, the scene contains a shallow light-gray tray filled with cocoa powder; the powder surface is flat, smooth, and motionless. The source object is not visible, and nothing changes. Without any camera change, the scene continues as one small yellow rubber ball falls vertically from above and impacts the center of the material. No cuts, camera motion, people, hands, or additional moving objects appear.",Powder impact,a short powder plume and a visible impact crater,"the source object is absent and the powder surface remains flat, smooth, and undisturbed",12003,49,8,0,16,outputs/protocol_v1/eval_original/powder_impact/videos/078_a-realistic-locked-camera-video-in-one-continuous-shot-during-the-first_seed12003.mp4,outputs/protocol_v1/eval_negative_prompt/powder_impact/videos/078_a-realistic-locked-camera-video-in-one-continuous-shot-during-the-first_seed12003.mp4,0.02211936,0.02070599,6.39,0.12287037,0.12051671
v1,eval_powder_impact_unseen_unseen_04,,powder_impact,test,unseen_unseen,gray_stone,one smooth gray stone,no,powdered_sugar,a shallow dark tray filled with white powdered sugar,no,eval_compact,"A realistic locked-camera video in one continuous shot. During the first two seconds, the scene contains a shallow dark tray filled with white powdered sugar; the powder surface is flat, smooth, and motionless. The source object is not visible, and nothing changes. After two still seconds, one smooth gray stone falls vertically from above and impacts the center of the material; afterward, the event produces a short powder plume and a visible impact crater. No cuts, camera motion, people, hands, or additional moving objects appear.",Powder impact,a short powder plume and a visible impact crater,"the source object is absent and the powder surface remains flat, smooth, and undisturbed",12003,49,8,0,16,outputs/protocol_v1/eval_original/powder_impact/videos/079_a-realistic-locked-camera-video-in-one-continuous-shot-during-the-first_seed12003.mp4,outputs/protocol_v1/eval_negative_prompt/powder_impact/videos/079_a-realistic-locked-camera-video-in-one-continuous-shot-during-the-first_seed12003.mp4,0.01940857,0.02039196,-5.07,0.08879672,0.08885460
