protocol_version,sample_id,scene_id,training_role,mechanism,split,generalization_group,source_id,source_object,source_seen,receiver_id,receiver,receiver_seen,prompt_variant,prompt,target_concept,expected_footprint,expected_counterfactual_state,seed,num_frames,fps,reference_start_inclusive,reference_end_exclusive,generated_video,desired_target_video,training_objective,residual_mask_enabled,residual_mask_factual_video,residual_mask_target_video
v1,train_brittle_fracture_wood_mallet_glass_pane_explicit_full,train_brittle_fracture_wood_mallet_glass_pane_explicit_full,erase,brittle_fracture,train,,wood_mallet,one small wooden mallet,yes,glass_pane,one thin clear glass pane held upright,yes,explicit_full,"A simple realistic fixed-camera video in one continuous shot. During the first two seconds, the scene contains one thin clear glass pane held upright; the pane is intact, clear, and motionless. The source object is not visible, and nothing changes. Then one small wooden mallet moves into frame from above and strikes one thin clear glass pane held upright once. Only after contact, the event produces spreading visible cracks and several separated glass fragments. The camera, support surface, lighting, and background remain fixed throughout.",Brittle fracture,spreading visible cracks and several separated glass fragments,"the source object is absent and the glass receiver remains intact, uncracked, and motionless",12000,49,8,0,16,outputs/protocol_v1/wan_train_erase/clean_shards/prompt_072/videos/000_a-simple-realistic-fixed-camera-video-in-one-continuous-shot-during-the_seed12000.mp4,outputs/protocol_v1/wan_train_erase_aligned/train_brittle_fracture_wood_mallet_glass_pane_explicit_full/counterfactual_static.mp4,counterfactual_noise_prediction,yes,outputs/protocol_v1/wan_train_erase/clean_shards/prompt_072/videos/000_a-simple-realistic-fixed-camera-video-in-one-continuous-shot-during-the_seed12000.mp4,outputs/protocol_v1/wan_train_erase_aligned/train_brittle_fracture_wood_mallet_glass_pane_explicit_full/counterfactual_static.mp4
v1,train_brittle_fracture_wood_mallet_glass_pane_concise_full,train_brittle_fracture_wood_mallet_glass_pane_concise_full,erase,brittle_fracture,train,,wood_mallet,one small wooden mallet,yes,glass_pane,one thin clear glass pane held upright,yes,concise_full,"A simple realistic fixed-camera video in one continuous shot. During the first two seconds, the scene contains one thin clear glass pane held upright; the pane is intact, clear, and motionless. The source object is not visible, and nothing changes. After the quiet opening, one small wooden mallet moves into frame from above and strikes one thin clear glass pane held upright once; this produces spreading visible cracks and several separated glass fragments. The camera, support surface, lighting, and background remain fixed throughout.",Brittle fracture,spreading visible cracks and several separated glass fragments,"the source object is absent and the glass receiver remains intact, uncracked, and motionless",12000,49,8,0,16,outputs/protocol_v1/wan_train_erase/clean_shards/prompt_073/videos/000_a-simple-realistic-fixed-camera-video-in-one-continuous-shot-during-the_seed12000.mp4,outputs/protocol_v1/wan_train_erase_aligned/train_brittle_fracture_wood_mallet_glass_pane_concise_full/counterfactual_static.mp4,counterfactual_noise_prediction,yes,outputs/protocol_v1/wan_train_erase/clean_shards/prompt_073/videos/000_a-simple-realistic-fixed-camera-video-in-one-continuous-shot-during-the_seed12000.mp4,outputs/protocol_v1/wan_train_erase_aligned/train_brittle_fracture_wood_mallet_glass_pane_concise_full/counterfactual_static.mp4
v1,train_brittle_fracture_wood_mallet_glass_pane_contact_only,train_brittle_fracture_wood_mallet_glass_pane_contact_only,erase,brittle_fracture,train,,wood_mallet,one small wooden mallet,yes,glass_pane,one thin clear glass pane held upright,yes,contact_only,"A simple realistic fixed-camera video in one continuous shot. During the first two seconds, the scene contains one thin clear glass pane held upright; the pane is intact, clear, and motionless. The source object is not visible, and nothing changes. After the quiet opening, one small wooden mallet moves into frame from above and strikes one thin clear glass pane held upright once. The event continues naturally after contact. The camera, support surface, lighting, and background remain fixed throughout.",Brittle fracture,spreading visible cracks and several separated glass fragments,"the source object is absent and the glass receiver remains intact, uncracked, and motionless",12000,49,8,0,16,outputs/protocol_v1/wan_train_erase/clean_shards/prompt_074/videos/000_a-simple-realistic-fixed-camera-video-in-one-continuous-shot-during-the_seed12000.mp4,outputs/protocol_v1/wan_train_erase_aligned/train_brittle_fracture_wood_mallet_glass_pane_contact_only/counterfactual_static.mp4,counterfactual_noise_prediction,yes,outputs/protocol_v1/wan_train_erase/clean_shards/prompt_074/videos/000_a-simple-realistic-fixed-camera-video-in-one-continuous-shot-during-the_seed12000.mp4,outputs/protocol_v1/wan_train_erase_aligned/train_brittle_fracture_wood_mallet_glass_pane_contact_only/counterfactual_static.mp4
v1,train_brittle_fracture_wood_mallet_glass_pane_natural_implicit,train_brittle_fracture_wood_mallet_glass_pane_natural_implicit,erase,brittle_fracture,train,,wood_mallet,one small wooden mallet,yes,glass_pane,one thin clear glass pane held upright,yes,natural_implicit,"A simple realistic fixed-camera video in one continuous shot. During the first two seconds, the scene contains one thin clear glass pane held upright; the pane is intact, clear, and motionless. The source object is not visible, and nothing changes. The continuous shot then shows an ordinary physical event in which one small wooden mallet moves into frame from above and strikes one thin clear glass pane held upright once. The camera, support surface, lighting, and background remain fixed throughout.",Brittle fracture,spreading visible cracks and several separated glass fragments,"the source object is absent and the glass receiver remains intact, uncracked, and motionless",12000,49,8,0,16,outputs/protocol_v1/wan_train_erase/clean_shards/prompt_075/videos/000_a-simple-realistic-fixed-camera-video-in-one-continuous-shot-during-the_seed12000.mp4,outputs/protocol_v1/wan_train_erase_aligned/train_brittle_fracture_wood_mallet_glass_pane_natural_implicit/counterfactual_static.mp4,counterfactual_noise_prediction,yes,outputs/protocol_v1/wan_train_erase/clean_shards/prompt_075/videos/000_a-simple-realistic-fixed-camera-video-in-one-continuous-shot-during-the_seed12000.mp4,outputs/protocol_v1/wan_train_erase_aligned/train_brittle_fracture_wood_mallet_glass_pane_natural_implicit/counterfactual_static.mp4
v1,train_brittle_fracture_wood_mallet_wine_glass_explicit_full,train_brittle_fracture_wood_mallet_wine_glass_explicit_full,erase,brittle_fracture,train,,wood_mallet,one small wooden mallet,yes,wine_glass,one empty clear wine glass on a table,yes,explicit_full,"A simple realistic fixed-camera video in one continuous shot. During the first two seconds, the scene contains one empty clear wine glass on a table; the glass is intact and motionless. The source object is not visible, and nothing changes. Then one small wooden mallet moves into frame from above and strikes one empty clear wine glass on a table once. Only after contact, the event produces spreading visible cracks and several separated glass fragments. The camera, support surface, lighting, and background remain fixed throughout.",Brittle fracture,spreading visible cracks and several separated glass fragments,"the source object is absent and the glass receiver remains intact, uncracked, and motionless",12000,49,8,0,16,outputs/protocol_v1/wan_train_erase/clean_shards/prompt_076/videos/000_a-simple-realistic-fixed-camera-video-in-one-continuous-shot-during-the_seed12000.mp4,outputs/protocol_v1/wan_train_erase_aligned/train_brittle_fracture_wood_mallet_wine_glass_explicit_full/counterfactual_static.mp4,counterfactual_noise_prediction,yes,outputs/protocol_v1/wan_train_erase/clean_shards/prompt_076/videos/000_a-simple-realistic-fixed-camera-video-in-one-continuous-shot-during-the_seed12000.mp4,outputs/protocol_v1/wan_train_erase_aligned/train_brittle_fracture_wood_mallet_wine_glass_explicit_full/counterfactual_static.mp4
v1,train_brittle_fracture_wood_mallet_wine_glass_concise_full,train_brittle_fracture_wood_mallet_wine_glass_concise_full,erase,brittle_fracture,train,,wood_mallet,one small wooden mallet,yes,wine_glass,one empty clear wine glass on a table,yes,concise_full,"A simple realistic fixed-camera video in one continuous shot. During the first two seconds, the scene contains one empty clear wine glass on a table; the glass is intact and motionless. The source object is not visible, and nothing changes. After the quiet opening, one small wooden mallet moves into frame from above and strikes one empty clear wine glass on a table once; this produces spreading visible cracks and several separated glass fragments. The camera, support surface, lighting, and background remain fixed throughout.",Brittle fracture,spreading visible cracks and several separated glass fragments,"the source object is absent and the glass receiver remains intact, uncracked, and motionless",12000,49,8,0,16,outputs/protocol_v1/wan_train_erase/clean_shards/prompt_077/videos/000_a-simple-realistic-fixed-camera-video-in-one-continuous-shot-during-the_seed12000.mp4,outputs/protocol_v1/wan_train_erase_aligned/train_brittle_fracture_wood_mallet_wine_glass_concise_full/counterfactual_static.mp4,counterfactual_noise_prediction,yes,outputs/protocol_v1/wan_train_erase/clean_shards/prompt_077/videos/000_a-simple-realistic-fixed-camera-video-in-one-continuous-shot-during-the_seed12000.mp4,outputs/protocol_v1/wan_train_erase_aligned/train_brittle_fracture_wood_mallet_wine_glass_concise_full/counterfactual_static.mp4
v1,train_brittle_fracture_wood_mallet_wine_glass_contact_only,train_brittle_fracture_wood_mallet_wine_glass_contact_only,erase,brittle_fracture,train,,wood_mallet,one small wooden mallet,yes,wine_glass,one empty clear wine glass on a table,yes,contact_only,"A simple realistic fixed-camera video in one continuous shot. During the first two seconds, the scene contains one empty clear wine glass on a table; the glass is intact and motionless. The source object is not visible, and nothing changes. After the quiet opening, one small wooden mallet moves into frame from above and strikes one empty clear wine glass on a table once. The event continues naturally after contact. The camera, support surface, lighting, and background remain fixed throughout.",Brittle fracture,spreading visible cracks and several separated glass fragments,"the source object is absent and the glass receiver remains intact, uncracked, and motionless",12000,49,8,0,16,outputs/protocol_v1/wan_train_erase/clean_shards/prompt_078/videos/000_a-simple-realistic-fixed-camera-video-in-one-continuous-shot-during-the_seed12000.mp4,outputs/protocol_v1/wan_train_erase_aligned/train_brittle_fracture_wood_mallet_wine_glass_contact_only/counterfactual_static.mp4,counterfactual_noise_prediction,yes,outputs/protocol_v1/wan_train_erase/clean_shards/prompt_078/videos/000_a-simple-realistic-fixed-camera-video-in-one-continuous-shot-during-the_seed12000.mp4,outputs/protocol_v1/wan_train_erase_aligned/train_brittle_fracture_wood_mallet_wine_glass_contact_only/counterfactual_static.mp4
v1,train_brittle_fracture_wood_mallet_wine_glass_natural_implicit,train_brittle_fracture_wood_mallet_wine_glass_natural_implicit,erase,brittle_fracture,train,,wood_mallet,one small wooden mallet,yes,wine_glass,one empty clear wine glass on a table,yes,natural_implicit,"A simple realistic fixed-camera video in one continuous shot. During the first two seconds, the scene contains one empty clear wine glass on a table; the glass is intact and motionless. The source object is not visible, and nothing changes. The continuous shot then shows an ordinary physical event in which one small wooden mallet moves into frame from above and strikes one empty clear wine glass on a table once. The camera, support surface, lighting, and background remain fixed throughout.",Brittle fracture,spreading visible cracks and several separated glass fragments,"the source object is absent and the glass receiver remains intact, uncracked, and motionless",12000,49,8,0,16,outputs/protocol_v1/wan_train_erase/clean_shards/prompt_079/videos/000_a-simple-realistic-fixed-camera-video-in-one-continuous-shot-during-the_seed12000.mp4,outputs/protocol_v1/wan_train_erase_aligned/train_brittle_fracture_wood_mallet_wine_glass_natural_implicit/counterfactual_static.mp4,counterfactual_noise_prediction,yes,outputs/protocol_v1/wan_train_erase/clean_shards/prompt_079/videos/000_a-simple-realistic-fixed-camera-video-in-one-continuous-shot-during-the_seed12000.mp4,outputs/protocol_v1/wan_train_erase_aligned/train_brittle_fracture_wood_mallet_wine_glass_natural_implicit/counterfactual_static.mp4
v1,train_brittle_fracture_wood_mallet_glass_bottle_explicit_full,train_brittle_fracture_wood_mallet_glass_bottle_explicit_full,erase,brittle_fracture,train,,wood_mallet,one small wooden mallet,yes,glass_bottle,one empty clear glass bottle on a table,yes,explicit_full,"A simple realistic fixed-camera video in one continuous shot. During the first two seconds, the scene contains one empty clear glass bottle on a table; the bottle is intact and motionless. The source object is not visible, and nothing changes. Then one small wooden mallet moves into frame from above and strikes one empty clear glass bottle on a table once. Only after contact, the event produces spreading visible cracks and several separated glass fragments. The camera, support surface, lighting, and background remain fixed throughout.",Brittle fracture,spreading visible cracks and several separated glass fragments,"the source object is absent and the glass receiver remains intact, uncracked, and motionless",12000,49,8,0,16,outputs/protocol_v1/wan_train_erase/clean_shards/prompt_080/videos/000_a-simple-realistic-fixed-camera-video-in-one-continuous-shot-during-the_seed12000.mp4,outputs/protocol_v1/wan_train_erase_aligned/train_brittle_fracture_wood_mallet_glass_bottle_explicit_full/counterfactual_static.mp4,counterfactual_noise_prediction,yes,outputs/protocol_v1/wan_train_erase/clean_shards/prompt_080/videos/000_a-simple-realistic-fixed-camera-video-in-one-continuous-shot-during-the_seed12000.mp4,outputs/protocol_v1/wan_train_erase_aligned/train_brittle_fracture_wood_mallet_glass_bottle_explicit_full/counterfactual_static.mp4
v1,train_brittle_fracture_wood_mallet_glass_bottle_concise_full,train_brittle_fracture_wood_mallet_glass_bottle_concise_full,erase,brittle_fracture,train,,wood_mallet,one small wooden mallet,yes,glass_bottle,one empty clear glass bottle on a table,yes,concise_full,"A simple realistic fixed-camera video in one continuous shot. During the first two seconds, the scene contains one empty clear glass bottle on a table; the bottle is intact and motionless. The source object is not visible, and nothing changes. After the quiet opening, one small wooden mallet moves into frame from above and strikes one empty clear glass bottle on a table once; this produces spreading visible cracks and several separated glass fragments. The camera, support surface, lighting, and background remain fixed throughout.",Brittle fracture,spreading visible cracks and several separated glass fragments,"the source object is absent and the glass receiver remains intact, uncracked, and motionless",12000,49,8,0,16,outputs/protocol_v1/wan_train_erase/clean_shards/prompt_081/videos/000_a-simple-realistic-fixed-camera-video-in-one-continuous-shot-during-the_seed12000.mp4,outputs/protocol_v1/wan_train_erase_aligned/train_brittle_fracture_wood_mallet_glass_bottle_concise_full/counterfactual_static.mp4,counterfactual_noise_prediction,yes,outputs/protocol_v1/wan_train_erase/clean_shards/prompt_081/videos/000_a-simple-realistic-fixed-camera-video-in-one-continuous-shot-during-the_seed12000.mp4,outputs/protocol_v1/wan_train_erase_aligned/train_brittle_fracture_wood_mallet_glass_bottle_concise_full/counterfactual_static.mp4
v1,train_brittle_fracture_wood_mallet_glass_bottle_contact_only,train_brittle_fracture_wood_mallet_glass_bottle_contact_only,erase,brittle_fracture,train,,wood_mallet,one small wooden mallet,yes,glass_bottle,one empty clear glass bottle on a table,yes,contact_only,"A simple realistic fixed-camera video in one continuous shot. During the first two seconds, the scene contains one empty clear glass bottle on a table; the bottle is intact and motionless. The source object is not visible, and nothing changes. After the quiet opening, one small wooden mallet moves into frame from above and strikes one empty clear glass bottle on a table once. The event continues naturally after contact. The camera, support surface, lighting, and background remain fixed throughout.",Brittle fracture,spreading visible cracks and several separated glass fragments,"the source object is absent and the glass receiver remains intact, uncracked, and motionless",12000,49,8,0,16,outputs/protocol_v1/wan_train_erase/clean_shards/prompt_082/videos/000_a-simple-realistic-fixed-camera-video-in-one-continuous-shot-during-the_seed12000.mp4,outputs/protocol_v1/wan_train_erase_aligned/train_brittle_fracture_wood_mallet_glass_bottle_contact_only/counterfactual_static.mp4,counterfactual_noise_prediction,yes,outputs/protocol_v1/wan_train_erase/clean_shards/prompt_082/videos/000_a-simple-realistic-fixed-camera-video-in-one-continuous-shot-during-the_seed12000.mp4,outputs/protocol_v1/wan_train_erase_aligned/train_brittle_fracture_wood_mallet_glass_bottle_contact_only/counterfactual_static.mp4
v1,train_brittle_fracture_wood_mallet_glass_bottle_natural_implicit,train_brittle_fracture_wood_mallet_glass_bottle_natural_implicit,erase,brittle_fracture,train,,wood_mallet,one small wooden mallet,yes,glass_bottle,one empty clear glass bottle on a table,yes,natural_implicit,"A simple realistic fixed-camera video in one continuous shot. During the first two seconds, the scene contains one empty clear glass bottle on a table; the bottle is intact and motionless. The source object is not visible, and nothing changes. The continuous shot then shows an ordinary physical event in which one small wooden mallet moves into frame from above and strikes one empty clear glass bottle on a table once. The camera, support surface, lighting, and background remain fixed throughout.",Brittle fracture,spreading visible cracks and several separated glass fragments,"the source object is absent and the glass receiver remains intact, uncracked, and motionless",12000,49,8,0,16,outputs/protocol_v1/wan_train_erase/clean_shards/prompt_083/videos/000_a-simple-realistic-fixed-camera-video-in-one-continuous-shot-during-the_seed12000.mp4,outputs/protocol_v1/wan_train_erase_aligned/train_brittle_fracture_wood_mallet_glass_bottle_natural_implicit/counterfactual_static.mp4,counterfactual_noise_prediction,yes,outputs/protocol_v1/wan_train_erase/clean_shards/prompt_083/videos/000_a-simple-realistic-fixed-camera-video-in-one-continuous-shot-during-the_seed12000.mp4,outputs/protocol_v1/wan_train_erase_aligned/train_brittle_fracture_wood_mallet_glass_bottle_natural_implicit/counterfactual_static.mp4
v1,train_brittle_fracture_metal_hammer_glass_pane_explicit_full,train_brittle_fracture_metal_hammer_glass_pane_explicit_full,erase,brittle_fracture,train,,metal_hammer,one small metal hammer,yes,glass_pane,one thin clear glass pane held upright,yes,explicit_full,"A simple realistic fixed-camera video in one continuous shot. During the first two seconds, the scene contains one thin clear glass pane held upright; the pane is intact, clear, and motionless. The source object is not visible, and nothing changes. Then one small metal hammer moves into frame from above and strikes one thin clear glass pane held upright once. Only after contact, the event produces spreading visible cracks and several separated glass fragments. The camera, support surface, lighting, and background remain fixed throughout.",Brittle fracture,spreading visible cracks and several separated glass fragments,"the source object is absent and the glass receiver remains intact, uncracked, and motionless",12000,49,8,0,16,outputs/protocol_v1/wan_train_erase/clean_shards/prompt_084/videos/000_a-simple-realistic-fixed-camera-video-in-one-continuous-shot-during-the_seed12000.mp4,outputs/protocol_v1/wan_train_erase_aligned/train_brittle_fracture_metal_hammer_glass_pane_explicit_full/counterfactual_static.mp4,counterfactual_noise_prediction,yes,outputs/protocol_v1/wan_train_erase/clean_shards/prompt_084/videos/000_a-simple-realistic-fixed-camera-video-in-one-continuous-shot-during-the_seed12000.mp4,outputs/protocol_v1/wan_train_erase_aligned/train_brittle_fracture_metal_hammer_glass_pane_explicit_full/counterfactual_static.mp4
v1,train_brittle_fracture_metal_hammer_glass_pane_concise_full,train_brittle_fracture_metal_hammer_glass_pane_concise_full,erase,brittle_fracture,train,,metal_hammer,one small metal hammer,yes,glass_pane,one thin clear glass pane held upright,yes,concise_full,"A simple realistic fixed-camera video in one continuous shot. During the first two seconds, the scene contains one thin clear glass pane held upright; the pane is intact, clear, and motionless. The source object is not visible, and nothing changes. After the quiet opening, one small metal hammer moves into frame from above and strikes one thin clear glass pane held upright once; this produces spreading visible cracks and several separated glass fragments. The camera, support surface, lighting, and background remain fixed throughout.",Brittle fracture,spreading visible cracks and several separated glass fragments,"the source object is absent and the glass receiver remains intact, uncracked, and motionless",12000,49,8,0,16,outputs/protocol_v1/wan_train_erase/clean_shards/prompt_085/videos/000_a-simple-realistic-fixed-camera-video-in-one-continuous-shot-during-the_seed12000.mp4,outputs/protocol_v1/wan_train_erase_aligned/train_brittle_fracture_metal_hammer_glass_pane_concise_full/counterfactual_static.mp4,counterfactual_noise_prediction,yes,outputs/protocol_v1/wan_train_erase/clean_shards/prompt_085/videos/000_a-simple-realistic-fixed-camera-video-in-one-continuous-shot-during-the_seed12000.mp4,outputs/protocol_v1/wan_train_erase_aligned/train_brittle_fracture_metal_hammer_glass_pane_concise_full/counterfactual_static.mp4
v1,train_brittle_fracture_metal_hammer_glass_pane_contact_only,train_brittle_fracture_metal_hammer_glass_pane_contact_only,erase,brittle_fracture,train,,metal_hammer,one small metal hammer,yes,glass_pane,one thin clear glass pane held upright,yes,contact_only,"A simple realistic fixed-camera video in one continuous shot. During the first two seconds, the scene contains one thin clear glass pane held upright; the pane is intact, clear, and motionless. The source object is not visible, and nothing changes. After the quiet opening, one small metal hammer moves into frame from above and strikes one thin clear glass pane held upright once. The event continues naturally after contact. The camera, support surface, lighting, and background remain fixed throughout.",Brittle fracture,spreading visible cracks and several separated glass fragments,"the source object is absent and the glass receiver remains intact, uncracked, and motionless",12000,49,8,0,16,outputs/protocol_v1/wan_train_erase/clean_shards/prompt_086/videos/000_a-simple-realistic-fixed-camera-video-in-one-continuous-shot-during-the_seed12000.mp4,outputs/protocol_v1/wan_train_erase_aligned/train_brittle_fracture_metal_hammer_glass_pane_contact_only/counterfactual_static.mp4,counterfactual_noise_prediction,yes,outputs/protocol_v1/wan_train_erase/clean_shards/prompt_086/videos/000_a-simple-realistic-fixed-camera-video-in-one-continuous-shot-during-the_seed12000.mp4,outputs/protocol_v1/wan_train_erase_aligned/train_brittle_fracture_metal_hammer_glass_pane_contact_only/counterfactual_static.mp4
v1,train_brittle_fracture_metal_hammer_glass_pane_natural_implicit,train_brittle_fracture_metal_hammer_glass_pane_natural_implicit,erase,brittle_fracture,train,,metal_hammer,one small metal hammer,yes,glass_pane,one thin clear glass pane held upright,yes,natural_implicit,"A simple realistic fixed-camera video in one continuous shot. During the first two seconds, the scene contains one thin clear glass pane held upright; the pane is intact, clear, and motionless. The source object is not visible, and nothing changes. The continuous shot then shows an ordinary physical event in which one small metal hammer moves into frame from above and strikes one thin clear glass pane held upright once. The camera, support surface, lighting, and background remain fixed throughout.",Brittle fracture,spreading visible cracks and several separated glass fragments,"the source object is absent and the glass receiver remains intact, uncracked, and motionless",12000,49,8,0,16,outputs/protocol_v1/wan_train_erase/clean_shards/prompt_087/videos/000_a-simple-realistic-fixed-camera-video-in-one-continuous-shot-during-the_seed12000.mp4,outputs/protocol_v1/wan_train_erase_aligned/train_brittle_fracture_metal_hammer_glass_pane_natural_implicit/counterfactual_static.mp4,counterfactual_noise_prediction,yes,outputs/protocol_v1/wan_train_erase/clean_shards/prompt_087/videos/000_a-simple-realistic-fixed-camera-video-in-one-continuous-shot-during-the_seed12000.mp4,outputs/protocol_v1/wan_train_erase_aligned/train_brittle_fracture_metal_hammer_glass_pane_natural_implicit/counterfactual_static.mp4
v1,train_brittle_fracture_metal_hammer_wine_glass_explicit_full,train_brittle_fracture_metal_hammer_wine_glass_explicit_full,erase,brittle_fracture,train,,metal_hammer,one small metal hammer,yes,wine_glass,one empty clear wine glass on a table,yes,explicit_full,"A simple realistic fixed-camera video in one continuous shot. During the first two seconds, the scene contains one empty clear wine glass on a table; the glass is intact and motionless. The source object is not visible, and nothing changes. Then one small metal hammer moves into frame from above and strikes one empty clear wine glass on a table once. Only after contact, the event produces spreading visible cracks and several separated glass fragments. The camera, support surface, lighting, and background remain fixed throughout.",Brittle fracture,spreading visible cracks and several separated glass fragments,"the source object is absent and the glass receiver remains intact, uncracked, and motionless",12000,49,8,0,16,outputs/protocol_v1/wan_train_erase/clean_shards/prompt_088/videos/000_a-simple-realistic-fixed-camera-video-in-one-continuous-shot-during-the_seed12000.mp4,outputs/protocol_v1/wan_train_erase_aligned/train_brittle_fracture_metal_hammer_wine_glass_explicit_full/counterfactual_static.mp4,counterfactual_noise_prediction,yes,outputs/protocol_v1/wan_train_erase/clean_shards/prompt_088/videos/000_a-simple-realistic-fixed-camera-video-in-one-continuous-shot-during-the_seed12000.mp4,outputs/protocol_v1/wan_train_erase_aligned/train_brittle_fracture_metal_hammer_wine_glass_explicit_full/counterfactual_static.mp4
v1,train_brittle_fracture_metal_hammer_wine_glass_concise_full,train_brittle_fracture_metal_hammer_wine_glass_concise_full,erase,brittle_fracture,train,,metal_hammer,one small metal hammer,yes,wine_glass,one empty clear wine glass on a table,yes,concise_full,"A simple realistic fixed-camera video in one continuous shot. During the first two seconds, the scene contains one empty clear wine glass on a table; the glass is intact and motionless. The source object is not visible, and nothing changes. After the quiet opening, one small metal hammer moves into frame from above and strikes one empty clear wine glass on a table once; this produces spreading visible cracks and several separated glass fragments. The camera, support surface, lighting, and background remain fixed throughout.",Brittle fracture,spreading visible cracks and several separated glass fragments,"the source object is absent and the glass receiver remains intact, uncracked, and motionless",12000,49,8,0,16,outputs/protocol_v1/wan_train_erase/clean_shards/prompt_089/videos/000_a-simple-realistic-fixed-camera-video-in-one-continuous-shot-during-the_seed12000.mp4,outputs/protocol_v1/wan_train_erase_aligned/train_brittle_fracture_metal_hammer_wine_glass_concise_full/counterfactual_static.mp4,counterfactual_noise_prediction,yes,outputs/protocol_v1/wan_train_erase/clean_shards/prompt_089/videos/000_a-simple-realistic-fixed-camera-video-in-one-continuous-shot-during-the_seed12000.mp4,outputs/protocol_v1/wan_train_erase_aligned/train_brittle_fracture_metal_hammer_wine_glass_concise_full/counterfactual_static.mp4
v1,train_brittle_fracture_metal_hammer_wine_glass_contact_only,train_brittle_fracture_metal_hammer_wine_glass_contact_only,erase,brittle_fracture,train,,metal_hammer,one small metal hammer,yes,wine_glass,one empty clear wine glass on a table,yes,contact_only,"A simple realistic fixed-camera video in one continuous shot. During the first two seconds, the scene contains one empty clear wine glass on a table; the glass is intact and motionless. The source object is not visible, and nothing changes. After the quiet opening, one small metal hammer moves into frame from above and strikes one empty clear wine glass on a table once. The event continues naturally after contact. The camera, support surface, lighting, and background remain fixed throughout.",Brittle fracture,spreading visible cracks and several separated glass fragments,"the source object is absent and the glass receiver remains intact, uncracked, and motionless",12000,49,8,0,16,outputs/protocol_v1/wan_train_erase/clean_shards/prompt_090/videos/000_a-simple-realistic-fixed-camera-video-in-one-continuous-shot-during-the_seed12000.mp4,outputs/protocol_v1/wan_train_erase_aligned/train_brittle_fracture_metal_hammer_wine_glass_contact_only/counterfactual_static.mp4,counterfactual_noise_prediction,yes,outputs/protocol_v1/wan_train_erase/clean_shards/prompt_090/videos/000_a-simple-realistic-fixed-camera-video-in-one-continuous-shot-during-the_seed12000.mp4,outputs/protocol_v1/wan_train_erase_aligned/train_brittle_fracture_metal_hammer_wine_glass_contact_only/counterfactual_static.mp4
v1,train_brittle_fracture_metal_hammer_wine_glass_natural_implicit,train_brittle_fracture_metal_hammer_wine_glass_natural_implicit,erase,brittle_fracture,train,,metal_hammer,one small metal hammer,yes,wine_glass,one empty clear wine glass on a table,yes,natural_implicit,"A simple realistic fixed-camera video in one continuous shot. During the first two seconds, the scene contains one empty clear wine glass on a table; the glass is intact and motionless. The source object is not visible, and nothing changes. The continuous shot then shows an ordinary physical event in which one small metal hammer moves into frame from above and strikes one empty clear wine glass on a table once. The camera, support surface, lighting, and background remain fixed throughout.",Brittle fracture,spreading visible cracks and several separated glass fragments,"the source object is absent and the glass receiver remains intact, uncracked, and motionless",12000,49,8,0,16,outputs/protocol_v1/wan_train_erase/clean_shards/prompt_091/videos/000_a-simple-realistic-fixed-camera-video-in-one-continuous-shot-during-the_seed12000.mp4,outputs/protocol_v1/wan_train_erase_aligned/train_brittle_fracture_metal_hammer_wine_glass_natural_implicit/counterfactual_static.mp4,counterfactual_noise_prediction,yes,outputs/protocol_v1/wan_train_erase/clean_shards/prompt_091/videos/000_a-simple-realistic-fixed-camera-video-in-one-continuous-shot-during-the_seed12000.mp4,outputs/protocol_v1/wan_train_erase_aligned/train_brittle_fracture_metal_hammer_wine_glass_natural_implicit/counterfactual_static.mp4
v1,train_brittle_fracture_metal_hammer_glass_bottle_explicit_full,train_brittle_fracture_metal_hammer_glass_bottle_explicit_full,erase,brittle_fracture,train,,metal_hammer,one small metal hammer,yes,glass_bottle,one empty clear glass bottle on a table,yes,explicit_full,"A simple realistic fixed-camera video in one continuous shot. During the first two seconds, the scene contains one empty clear glass bottle on a table; the bottle is intact and motionless. The source object is not visible, and nothing changes. Then one small metal hammer moves into frame from above and strikes one empty clear glass bottle on a table once. Only after contact, the event produces spreading visible cracks and several separated glass fragments. The camera, support surface, lighting, and background remain fixed throughout.",Brittle fracture,spreading visible cracks and several separated glass fragments,"the source object is absent and the glass receiver remains intact, uncracked, and motionless",12000,49,8,0,16,outputs/protocol_v1/wan_train_erase/clean_shards/prompt_092/videos/000_a-simple-realistic-fixed-camera-video-in-one-continuous-shot-during-the_seed12000.mp4,outputs/protocol_v1/wan_train_erase_aligned/train_brittle_fracture_metal_hammer_glass_bottle_explicit_full/counterfactual_static.mp4,counterfactual_noise_prediction,yes,outputs/protocol_v1/wan_train_erase/clean_shards/prompt_092/videos/000_a-simple-realistic-fixed-camera-video-in-one-continuous-shot-during-the_seed12000.mp4,outputs/protocol_v1/wan_train_erase_aligned/train_brittle_fracture_metal_hammer_glass_bottle_explicit_full/counterfactual_static.mp4
v1,train_brittle_fracture_metal_hammer_glass_bottle_concise_full,train_brittle_fracture_metal_hammer_glass_bottle_concise_full,erase,brittle_fracture,train,,metal_hammer,one small metal hammer,yes,glass_bottle,one empty clear glass bottle on a table,yes,concise_full,"A simple realistic fixed-camera video in one continuous shot. During the first two seconds, the scene contains one empty clear glass bottle on a table; the bottle is intact and motionless. The source object is not visible, and nothing changes. After the quiet opening, one small metal hammer moves into frame from above and strikes one empty clear glass bottle on a table once; this produces spreading visible cracks and several separated glass fragments. The camera, support surface, lighting, and background remain fixed throughout.",Brittle fracture,spreading visible cracks and several separated glass fragments,"the source object is absent and the glass receiver remains intact, uncracked, and motionless",12000,49,8,0,16,outputs/protocol_v1/wan_train_erase/clean_shards/prompt_093/videos/000_a-simple-realistic-fixed-camera-video-in-one-continuous-shot-during-the_seed12000.mp4,outputs/protocol_v1/wan_train_erase_aligned/train_brittle_fracture_metal_hammer_glass_bottle_concise_full/counterfactual_static.mp4,counterfactual_noise_prediction,yes,outputs/protocol_v1/wan_train_erase/clean_shards/prompt_093/videos/000_a-simple-realistic-fixed-camera-video-in-one-continuous-shot-during-the_seed12000.mp4,outputs/protocol_v1/wan_train_erase_aligned/train_brittle_fracture_metal_hammer_glass_bottle_concise_full/counterfactual_static.mp4
v1,train_brittle_fracture_metal_hammer_glass_bottle_contact_only,train_brittle_fracture_metal_hammer_glass_bottle_contact_only,erase,brittle_fracture,train,,metal_hammer,one small metal hammer,yes,glass_bottle,one empty clear glass bottle on a table,yes,contact_only,"A simple realistic fixed-camera video in one continuous shot. During the first two seconds, the scene contains one empty clear glass bottle on a table; the bottle is intact and motionless. The source object is not visible, and nothing changes. After the quiet opening, one small metal hammer moves into frame from above and strikes one empty clear glass bottle on a table once. The event continues naturally after contact. The camera, support surface, lighting, and background remain fixed throughout.",Brittle fracture,spreading visible cracks and several separated glass fragments,"the source object is absent and the glass receiver remains intact, uncracked, and motionless",12000,49,8,0,16,outputs/protocol_v1/wan_train_erase/clean_shards/prompt_094/videos/000_a-simple-realistic-fixed-camera-video-in-one-continuous-shot-during-the_seed12000.mp4,outputs/protocol_v1/wan_train_erase_aligned/train_brittle_fracture_metal_hammer_glass_bottle_contact_only/counterfactual_static.mp4,counterfactual_noise_prediction,yes,outputs/protocol_v1/wan_train_erase/clean_shards/prompt_094/videos/000_a-simple-realistic-fixed-camera-video-in-one-continuous-shot-during-the_seed12000.mp4,outputs/protocol_v1/wan_train_erase_aligned/train_brittle_fracture_metal_hammer_glass_bottle_contact_only/counterfactual_static.mp4
v1,train_brittle_fracture_metal_hammer_glass_bottle_natural_implicit,train_brittle_fracture_metal_hammer_glass_bottle_natural_implicit,erase,brittle_fracture,train,,metal_hammer,one small metal hammer,yes,glass_bottle,one empty clear glass bottle on a table,yes,natural_implicit,"A simple realistic fixed-camera video in one continuous shot. During the first two seconds, the scene contains one empty clear glass bottle on a table; the bottle is intact and motionless. The source object is not visible, and nothing changes. The continuous shot then shows an ordinary physical event in which one small metal hammer moves into frame from above and strikes one empty clear glass bottle on a table once. The camera, support surface, lighting, and background remain fixed throughout.",Brittle fracture,spreading visible cracks and several separated glass fragments,"the source object is absent and the glass receiver remains intact, uncracked, and motionless",12000,49,8,0,16,outputs/protocol_v1/wan_train_erase/clean_shards/prompt_095/videos/000_a-simple-realistic-fixed-camera-video-in-one-continuous-shot-during-the_seed12000.mp4,outputs/protocol_v1/wan_train_erase_aligned/train_brittle_fracture_metal_hammer_glass_bottle_natural_implicit/counterfactual_static.mp4,counterfactual_noise_prediction,yes,outputs/protocol_v1/wan_train_erase/clean_shards/prompt_095/videos/000_a-simple-realistic-fixed-camera-video-in-one-continuous-shot-during-the_seed12000.mp4,outputs/protocol_v1/wan_train_erase_aligned/train_brittle_fracture_metal_hammer_glass_bottle_natural_implicit/counterfactual_static.mp4
v1,train_brittle_fracture_steel_ball_glass_pane_explicit_full,train_brittle_fracture_steel_ball_glass_pane_explicit_full,erase,brittle_fracture,train,,steel_ball,one polished steel ball,yes,glass_pane,one thin clear glass pane held upright,yes,explicit_full,"A simple realistic fixed-camera video in one continuous shot. During the first two seconds, the scene contains one thin clear glass pane held upright; the pane is intact, clear, and motionless. The source object is not visible, and nothing changes. Then one polished steel ball falls vertically from above and strikes one thin clear glass pane held upright once. Only after contact, the event produces spreading visible cracks and several separated glass fragments. The camera, support surface, lighting, and background remain fixed throughout.",Brittle fracture,spreading visible cracks and several separated glass fragments,"the source object is absent and the glass receiver remains intact, uncracked, and motionless",12000,49,8,0,16,outputs/protocol_v1/wan_train_erase/clean_shards/prompt_096/videos/000_a-simple-realistic-fixed-camera-video-in-one-continuous-shot-during-the_seed12000.mp4,outputs/protocol_v1/wan_train_erase_aligned/train_brittle_fracture_steel_ball_glass_pane_explicit_full/counterfactual_static.mp4,counterfactual_noise_prediction,yes,outputs/protocol_v1/wan_train_erase/clean_shards/prompt_096/videos/000_a-simple-realistic-fixed-camera-video-in-one-continuous-shot-during-the_seed12000.mp4,outputs/protocol_v1/wan_train_erase_aligned/train_brittle_fracture_steel_ball_glass_pane_explicit_full/counterfactual_static.mp4
v1,train_brittle_fracture_steel_ball_glass_pane_concise_full,train_brittle_fracture_steel_ball_glass_pane_concise_full,erase,brittle_fracture,train,,steel_ball,one polished steel ball,yes,glass_pane,one thin clear glass pane held upright,yes,concise_full,"A simple realistic fixed-camera video in one continuous shot. During the first two seconds, the scene contains one thin clear glass pane held upright; the pane is intact, clear, and motionless. The source object is not visible, and nothing changes. After the quiet opening, one polished steel ball falls vertically from above and strikes one thin clear glass pane held upright once; this produces spreading visible cracks and several separated glass fragments. The camera, support surface, lighting, and background remain fixed throughout.",Brittle fracture,spreading visible cracks and several separated glass fragments,"the source object is absent and the glass receiver remains intact, uncracked, and motionless",12000,49,8,0,16,outputs/protocol_v1/wan_train_erase/clean_shards/prompt_097/videos/000_a-simple-realistic-fixed-camera-video-in-one-continuous-shot-during-the_seed12000.mp4,outputs/protocol_v1/wan_train_erase_aligned/train_brittle_fracture_steel_ball_glass_pane_concise_full/counterfactual_static.mp4,counterfactual_noise_prediction,yes,outputs/protocol_v1/wan_train_erase/clean_shards/prompt_097/videos/000_a-simple-realistic-fixed-camera-video-in-one-continuous-shot-during-the_seed12000.mp4,outputs/protocol_v1/wan_train_erase_aligned/train_brittle_fracture_steel_ball_glass_pane_concise_full/counterfactual_static.mp4
v1,train_brittle_fracture_steel_ball_glass_pane_contact_only,train_brittle_fracture_steel_ball_glass_pane_contact_only,erase,brittle_fracture,train,,steel_ball,one polished steel ball,yes,glass_pane,one thin clear glass pane held upright,yes,contact_only,"A simple realistic fixed-camera video in one continuous shot. During the first two seconds, the scene contains one thin clear glass pane held upright; the pane is intact, clear, and motionless. The source object is not visible, and nothing changes. After the quiet opening, one polished steel ball falls vertically from above and strikes one thin clear glass pane held upright once. The event continues naturally after contact. The camera, support surface, lighting, and background remain fixed throughout.",Brittle fracture,spreading visible cracks and several separated glass fragments,"the source object is absent and the glass receiver remains intact, uncracked, and motionless",12000,49,8,0,16,outputs/protocol_v1/wan_train_erase/clean_shards/prompt_098/videos/000_a-simple-realistic-fixed-camera-video-in-one-continuous-shot-during-the_seed12000.mp4,outputs/protocol_v1/wan_train_erase_aligned/train_brittle_fracture_steel_ball_glass_pane_contact_only/counterfactual_static.mp4,counterfactual_noise_prediction,yes,outputs/protocol_v1/wan_train_erase/clean_shards/prompt_098/videos/000_a-simple-realistic-fixed-camera-video-in-one-continuous-shot-during-the_seed12000.mp4,outputs/protocol_v1/wan_train_erase_aligned/train_brittle_fracture_steel_ball_glass_pane_contact_only/counterfactual_static.mp4
v1,train_brittle_fracture_steel_ball_glass_pane_natural_implicit,train_brittle_fracture_steel_ball_glass_pane_natural_implicit,erase,brittle_fracture,train,,steel_ball,one polished steel ball,yes,glass_pane,one thin clear glass pane held upright,yes,natural_implicit,"A simple realistic fixed-camera video in one continuous shot. During the first two seconds, the scene contains one thin clear glass pane held upright; the pane is intact, clear, and motionless. The source object is not visible, and nothing changes. The continuous shot then shows an ordinary physical event in which one polished steel ball falls vertically from above and strikes one thin clear glass pane held upright once. The camera, support surface, lighting, and background remain fixed throughout.",Brittle fracture,spreading visible cracks and several separated glass fragments,"the source object is absent and the glass receiver remains intact, uncracked, and motionless",12000,49,8,0,16,outputs/protocol_v1/wan_train_erase/clean_shards/prompt_099/videos/000_a-simple-realistic-fixed-camera-video-in-one-continuous-shot-during-the_seed12000.mp4,outputs/protocol_v1/wan_train_erase_aligned/train_brittle_fracture_steel_ball_glass_pane_natural_implicit/counterfactual_static.mp4,counterfactual_noise_prediction,yes,outputs/protocol_v1/wan_train_erase/clean_shards/prompt_099/videos/000_a-simple-realistic-fixed-camera-video-in-one-continuous-shot-during-the_seed12000.mp4,outputs/protocol_v1/wan_train_erase_aligned/train_brittle_fracture_steel_ball_glass_pane_natural_implicit/counterfactual_static.mp4
v1,train_brittle_fracture_steel_ball_wine_glass_explicit_full,train_brittle_fracture_steel_ball_wine_glass_explicit_full,erase,brittle_fracture,train,,steel_ball,one polished steel ball,yes,wine_glass,one empty clear wine glass on a table,yes,explicit_full,"A simple realistic fixed-camera video in one continuous shot. During the first two seconds, the scene contains one empty clear wine glass on a table; the glass is intact and motionless. The source object is not visible, and nothing changes. Then one polished steel ball falls vertically from above and strikes one empty clear wine glass on a table once. Only after contact, the event produces spreading visible cracks and several separated glass fragments. The camera, support surface, lighting, and background remain fixed throughout.",Brittle fracture,spreading visible cracks and several separated glass fragments,"the source object is absent and the glass receiver remains intact, uncracked, and motionless",12000,49,8,0,16,outputs/protocol_v1/wan_train_erase/clean_shards/prompt_100/videos/000_a-simple-realistic-fixed-camera-video-in-one-continuous-shot-during-the_seed12000.mp4,outputs/protocol_v1/wan_train_erase_aligned/train_brittle_fracture_steel_ball_wine_glass_explicit_full/counterfactual_static.mp4,counterfactual_noise_prediction,yes,outputs/protocol_v1/wan_train_erase/clean_shards/prompt_100/videos/000_a-simple-realistic-fixed-camera-video-in-one-continuous-shot-during-the_seed12000.mp4,outputs/protocol_v1/wan_train_erase_aligned/train_brittle_fracture_steel_ball_wine_glass_explicit_full/counterfactual_static.mp4
v1,train_brittle_fracture_steel_ball_wine_glass_concise_full,train_brittle_fracture_steel_ball_wine_glass_concise_full,erase,brittle_fracture,train,,steel_ball,one polished steel ball,yes,wine_glass,one empty clear wine glass on a table,yes,concise_full,"A simple realistic fixed-camera video in one continuous shot. During the first two seconds, the scene contains one empty clear wine glass on a table; the glass is intact and motionless. The source object is not visible, and nothing changes. After the quiet opening, one polished steel ball falls vertically from above and strikes one empty clear wine glass on a table once; this produces spreading visible cracks and several separated glass fragments. The camera, support surface, lighting, and background remain fixed throughout.",Brittle fracture,spreading visible cracks and several separated glass fragments,"the source object is absent and the glass receiver remains intact, uncracked, and motionless",12000,49,8,0,16,outputs/protocol_v1/wan_train_erase/clean_shards/prompt_101/videos/000_a-simple-realistic-fixed-camera-video-in-one-continuous-shot-during-the_seed12000.mp4,outputs/protocol_v1/wan_train_erase_aligned/train_brittle_fracture_steel_ball_wine_glass_concise_full/counterfactual_static.mp4,counterfactual_noise_prediction,yes,outputs/protocol_v1/wan_train_erase/clean_shards/prompt_101/videos/000_a-simple-realistic-fixed-camera-video-in-one-continuous-shot-during-the_seed12000.mp4,outputs/protocol_v1/wan_train_erase_aligned/train_brittle_fracture_steel_ball_wine_glass_concise_full/counterfactual_static.mp4
v1,train_brittle_fracture_steel_ball_wine_glass_contact_only,train_brittle_fracture_steel_ball_wine_glass_contact_only,erase,brittle_fracture,train,,steel_ball,one polished steel ball,yes,wine_glass,one empty clear wine glass on a table,yes,contact_only,"A simple realistic fixed-camera video in one continuous shot. During the first two seconds, the scene contains one empty clear wine glass on a table; the glass is intact and motionless. The source object is not visible, and nothing changes. After the quiet opening, one polished steel ball falls vertically from above and strikes one empty clear wine glass on a table once. The event continues naturally after contact. The camera, support surface, lighting, and background remain fixed throughout.",Brittle fracture,spreading visible cracks and several separated glass fragments,"the source object is absent and the glass receiver remains intact, uncracked, and motionless",12000,49,8,0,16,outputs/protocol_v1/wan_train_erase/clean_shards/prompt_102/videos/000_a-simple-realistic-fixed-camera-video-in-one-continuous-shot-during-the_seed12000.mp4,outputs/protocol_v1/wan_train_erase_aligned/train_brittle_fracture_steel_ball_wine_glass_contact_only/counterfactual_static.mp4,counterfactual_noise_prediction,yes,outputs/protocol_v1/wan_train_erase/clean_shards/prompt_102/videos/000_a-simple-realistic-fixed-camera-video-in-one-continuous-shot-during-the_seed12000.mp4,outputs/protocol_v1/wan_train_erase_aligned/train_brittle_fracture_steel_ball_wine_glass_contact_only/counterfactual_static.mp4
v1,train_brittle_fracture_steel_ball_wine_glass_natural_implicit,train_brittle_fracture_steel_ball_wine_glass_natural_implicit,erase,brittle_fracture,train,,steel_ball,one polished steel ball,yes,wine_glass,one empty clear wine glass on a table,yes,natural_implicit,"A simple realistic fixed-camera video in one continuous shot. During the first two seconds, the scene contains one empty clear wine glass on a table; the glass is intact and motionless. The source object is not visible, and nothing changes. The continuous shot then shows an ordinary physical event in which one polished steel ball falls vertically from above and strikes one empty clear wine glass on a table once. The camera, support surface, lighting, and background remain fixed throughout.",Brittle fracture,spreading visible cracks and several separated glass fragments,"the source object is absent and the glass receiver remains intact, uncracked, and motionless",12000,49,8,0,16,outputs/protocol_v1/wan_train_erase/clean_shards/prompt_103/videos/000_a-simple-realistic-fixed-camera-video-in-one-continuous-shot-during-the_seed12000.mp4,outputs/protocol_v1/wan_train_erase_aligned/train_brittle_fracture_steel_ball_wine_glass_natural_implicit/counterfactual_static.mp4,counterfactual_noise_prediction,yes,outputs/protocol_v1/wan_train_erase/clean_shards/prompt_103/videos/000_a-simple-realistic-fixed-camera-video-in-one-continuous-shot-during-the_seed12000.mp4,outputs/protocol_v1/wan_train_erase_aligned/train_brittle_fracture_steel_ball_wine_glass_natural_implicit/counterfactual_static.mp4
v1,train_brittle_fracture_steel_ball_glass_bottle_explicit_full,train_brittle_fracture_steel_ball_glass_bottle_explicit_full,erase,brittle_fracture,train,,steel_ball,one polished steel ball,yes,glass_bottle,one empty clear glass bottle on a table,yes,explicit_full,"A simple realistic fixed-camera video in one continuous shot. During the first two seconds, the scene contains one empty clear glass bottle on a table; the bottle is intact and motionless. The source object is not visible, and nothing changes. Then one polished steel ball falls vertically from above and strikes one empty clear glass bottle on a table once. Only after contact, the event produces spreading visible cracks and several separated glass fragments. The camera, support surface, lighting, and background remain fixed throughout.",Brittle fracture,spreading visible cracks and several separated glass fragments,"the source object is absent and the glass receiver remains intact, uncracked, and motionless",12000,49,8,0,16,outputs/protocol_v1/wan_train_erase/clean_shards/prompt_104/videos/000_a-simple-realistic-fixed-camera-video-in-one-continuous-shot-during-the_seed12000.mp4,outputs/protocol_v1/wan_train_erase_aligned/train_brittle_fracture_steel_ball_glass_bottle_explicit_full/counterfactual_static.mp4,counterfactual_noise_prediction,yes,outputs/protocol_v1/wan_train_erase/clean_shards/prompt_104/videos/000_a-simple-realistic-fixed-camera-video-in-one-continuous-shot-during-the_seed12000.mp4,outputs/protocol_v1/wan_train_erase_aligned/train_brittle_fracture_steel_ball_glass_bottle_explicit_full/counterfactual_static.mp4
v1,train_brittle_fracture_steel_ball_glass_bottle_concise_full,train_brittle_fracture_steel_ball_glass_bottle_concise_full,erase,brittle_fracture,train,,steel_ball,one polished steel ball,yes,glass_bottle,one empty clear glass bottle on a table,yes,concise_full,"A simple realistic fixed-camera video in one continuous shot. During the first two seconds, the scene contains one empty clear glass bottle on a table; the bottle is intact and motionless. The source object is not visible, and nothing changes. After the quiet opening, one polished steel ball falls vertically from above and strikes one empty clear glass bottle on a table once; this produces spreading visible cracks and several separated glass fragments. The camera, support surface, lighting, and background remain fixed throughout.",Brittle fracture,spreading visible cracks and several separated glass fragments,"the source object is absent and the glass receiver remains intact, uncracked, and motionless",12000,49,8,0,16,outputs/protocol_v1/wan_train_erase/clean_shards/prompt_105/videos/000_a-simple-realistic-fixed-camera-video-in-one-continuous-shot-during-the_seed12000.mp4,outputs/protocol_v1/wan_train_erase_aligned/train_brittle_fracture_steel_ball_glass_bottle_concise_full/counterfactual_static.mp4,counterfactual_noise_prediction,yes,outputs/protocol_v1/wan_train_erase/clean_shards/prompt_105/videos/000_a-simple-realistic-fixed-camera-video-in-one-continuous-shot-during-the_seed12000.mp4,outputs/protocol_v1/wan_train_erase_aligned/train_brittle_fracture_steel_ball_glass_bottle_concise_full/counterfactual_static.mp4
v1,train_brittle_fracture_steel_ball_glass_bottle_contact_only,train_brittle_fracture_steel_ball_glass_bottle_contact_only,erase,brittle_fracture,train,,steel_ball,one polished steel ball,yes,glass_bottle,one empty clear glass bottle on a table,yes,contact_only,"A simple realistic fixed-camera video in one continuous shot. During the first two seconds, the scene contains one empty clear glass bottle on a table; the bottle is intact and motionless. The source object is not visible, and nothing changes. After the quiet opening, one polished steel ball falls vertically from above and strikes one empty clear glass bottle on a table once. The event continues naturally after contact. The camera, support surface, lighting, and background remain fixed throughout.",Brittle fracture,spreading visible cracks and several separated glass fragments,"the source object is absent and the glass receiver remains intact, uncracked, and motionless",12000,49,8,0,16,outputs/protocol_v1/wan_train_erase/clean_shards/prompt_106/videos/000_a-simple-realistic-fixed-camera-video-in-one-continuous-shot-during-the_seed12000.mp4,outputs/protocol_v1/wan_train_erase_aligned/train_brittle_fracture_steel_ball_glass_bottle_contact_only/counterfactual_static.mp4,counterfactual_noise_prediction,yes,outputs/protocol_v1/wan_train_erase/clean_shards/prompt_106/videos/000_a-simple-realistic-fixed-camera-video-in-one-continuous-shot-during-the_seed12000.mp4,outputs/protocol_v1/wan_train_erase_aligned/train_brittle_fracture_steel_ball_glass_bottle_contact_only/counterfactual_static.mp4
v1,train_brittle_fracture_steel_ball_glass_bottle_natural_implicit,train_brittle_fracture_steel_ball_glass_bottle_natural_implicit,erase,brittle_fracture,train,,steel_ball,one polished steel ball,yes,glass_bottle,one empty clear glass bottle on a table,yes,natural_implicit,"A simple realistic fixed-camera video in one continuous shot. During the first two seconds, the scene contains one empty clear glass bottle on a table; the bottle is intact and motionless. The source object is not visible, and nothing changes. The continuous shot then shows an ordinary physical event in which one polished steel ball falls vertically from above and strikes one empty clear glass bottle on a table once. The camera, support surface, lighting, and background remain fixed throughout.",Brittle fracture,spreading visible cracks and several separated glass fragments,"the source object is absent and the glass receiver remains intact, uncracked, and motionless",12000,49,8,0,16,outputs/protocol_v1/wan_train_erase/clean_shards/prompt_107/videos/000_a-simple-realistic-fixed-camera-video-in-one-continuous-shot-during-the_seed12000.mp4,outputs/protocol_v1/wan_train_erase_aligned/train_brittle_fracture_steel_ball_glass_bottle_natural_implicit/counterfactual_static.mp4,counterfactual_noise_prediction,yes,outputs/protocol_v1/wan_train_erase/clean_shards/prompt_107/videos/000_a-simple-realistic-fixed-camera-video-in-one-continuous-shot-during-the_seed12000.mp4,outputs/protocol_v1/wan_train_erase_aligned/train_brittle_fracture_steel_ball_glass_bottle_natural_implicit/counterfactual_static.mp4
v1,preserve_books_0,preserve_books_0,preserve,generic_preservation,train,,,,,,,,preserve_0,"A realistic fixed-camera video in one continuous shot showing three closed books resting neatly on a wooden desk. The camera, lighting, background, and all object identities remain unchanged.",generic preservation,,,12000,49,8,,,outputs/protocol_v1/wan_preserve/clean_shards/prompt_000/videos/000_a-realistic-fixed-camera-video-in-one-continuous-shot-showing-three-clos_seed12000.mp4,outputs/protocol_v1/wan_preserve/clean_shards/prompt_000/videos/000_a-realistic-fixed-camera-video-in-one-continuous-shot-showing-three-clos_seed12000.mp4,frozen_base_distillation,no,,
v1,preserve_books_1,preserve_books_1,preserve,generic_preservation,train,,,,,,,,preserve_1,"A realistic fixed-camera video in one continuous shot showing three closed books resting neatly on a wooden desk. The shot is stable, realistic, and free of impacts, breakage, splashes, powder bursts, or collisions.",generic preservation,,,12000,49,8,,,outputs/protocol_v1/wan_preserve/clean_shards/prompt_001/videos/000_a-realistic-fixed-camera-video-in-one-continuous-shot-showing-three-clos_seed12000.mp4,outputs/protocol_v1/wan_preserve/clean_shards/prompt_001/videos/000_a-realistic-fixed-camera-video-in-one-continuous-shot-showing-three-clos_seed12000.mp4,frozen_base_distillation,no,,
v1,preserve_books_2,preserve_books_2,preserve,generic_preservation,train,,,,,,,,preserve_2,A realistic fixed-camera video in one continuous shot showing three closed books resting neatly on a wooden desk. No object enters from above and no abrupt physical event occurs anywhere in the scene.,generic preservation,,,12000,49,8,,,outputs/protocol_v1/wan_preserve/clean_shards/prompt_002/videos/000_a-realistic-fixed-camera-video-in-one-continuous-shot-showing-three-clos_seed12000.mp4,outputs/protocol_v1/wan_preserve/clean_shards/prompt_002/videos/000_a-realistic-fixed-camera-video-in-one-continuous-shot-showing-three-clos_seed12000.mp4,frozen_base_distillation,no,,
v1,preserve_vase_0,preserve_vase_0,preserve,generic_preservation,train,,,,,,,,preserve_0,"A realistic fixed-camera video in one continuous shot showing one blue ceramic vase standing on a shelf. The camera, lighting, background, and all object identities remain unchanged.",generic preservation,,,12000,49,8,,,outputs/protocol_v1/wan_preserve/clean_shards/prompt_003/videos/000_a-realistic-fixed-camera-video-in-one-continuous-shot-showing-one-blue-c_seed12000.mp4,outputs/protocol_v1/wan_preserve/clean_shards/prompt_003/videos/000_a-realistic-fixed-camera-video-in-one-continuous-shot-showing-one-blue-c_seed12000.mp4,frozen_base_distillation,no,,
v1,preserve_vase_1,preserve_vase_1,preserve,generic_preservation,train,,,,,,,,preserve_1,"A realistic fixed-camera video in one continuous shot showing one blue ceramic vase standing on a shelf. The shot is stable, realistic, and free of impacts, breakage, splashes, powder bursts, or collisions.",generic preservation,,,12000,49,8,,,outputs/protocol_v1/wan_preserve/clean_shards/prompt_004/videos/000_a-realistic-fixed-camera-video-in-one-continuous-shot-showing-one-blue-c_seed12000.mp4,outputs/protocol_v1/wan_preserve/clean_shards/prompt_004/videos/000_a-realistic-fixed-camera-video-in-one-continuous-shot-showing-one-blue-c_seed12000.mp4,frozen_base_distillation,no,,
v1,preserve_vase_2,preserve_vase_2,preserve,generic_preservation,train,,,,,,,,preserve_2,A realistic fixed-camera video in one continuous shot showing one blue ceramic vase standing on a shelf. No object enters from above and no abrupt physical event occurs anywhere in the scene.,generic preservation,,,12000,49,8,,,outputs/protocol_v1/wan_preserve/clean_shards/prompt_005/videos/000_a-realistic-fixed-camera-video-in-one-continuous-shot-showing-one-blue-c_seed12000.mp4,outputs/protocol_v1/wan_preserve/clean_shards/prompt_005/videos/000_a-realistic-fixed-camera-video-in-one-continuous-shot-showing-one-blue-c_seed12000.mp4,frozen_base_distillation,no,,
v1,preserve_lamp_0,preserve_lamp_0,preserve,generic_preservation,train,,,,,,,,preserve_0,"A realistic fixed-camera video in one continuous shot showing one desk lamp illuminating an otherwise empty table. The camera, lighting, background, and all object identities remain unchanged.",generic preservation,,,12000,49,8,,,outputs/protocol_v1/wan_preserve/clean_shards/prompt_006/videos/000_a-realistic-fixed-camera-video-in-one-continuous-shot-showing-one-desk-l_seed12000.mp4,outputs/protocol_v1/wan_preserve/clean_shards/prompt_006/videos/000_a-realistic-fixed-camera-video-in-one-continuous-shot-showing-one-desk-l_seed12000.mp4,frozen_base_distillation,no,,
v1,preserve_lamp_1,preserve_lamp_1,preserve,generic_preservation,train,,,,,,,,preserve_1,"A realistic fixed-camera video in one continuous shot showing one desk lamp illuminating an otherwise empty table. The shot is stable, realistic, and free of impacts, breakage, splashes, powder bursts, or collisions.",generic preservation,,,12000,49,8,,,outputs/protocol_v1/wan_preserve/clean_shards/prompt_007/videos/000_a-realistic-fixed-camera-video-in-one-continuous-shot-showing-one-desk-l_seed12000.mp4,outputs/protocol_v1/wan_preserve/clean_shards/prompt_007/videos/000_a-realistic-fixed-camera-video-in-one-continuous-shot-showing-one-desk-l_seed12000.mp4,frozen_base_distillation,no,,
v1,preserve_lamp_2,preserve_lamp_2,preserve,generic_preservation,train,,,,,,,,preserve_2,A realistic fixed-camera video in one continuous shot showing one desk lamp illuminating an otherwise empty table. No object enters from above and no abrupt physical event occurs anywhere in the scene.,generic preservation,,,12000,49,8,,,outputs/protocol_v1/wan_preserve/clean_shards/prompt_008/videos/000_a-realistic-fixed-camera-video-in-one-continuous-shot-showing-one-desk-l_seed12000.mp4,outputs/protocol_v1/wan_preserve/clean_shards/prompt_008/videos/000_a-realistic-fixed-camera-video-in-one-continuous-shot-showing-one-desk-l_seed12000.mp4,frozen_base_distillation,no,,
v1,preserve_clock_0,preserve_clock_0,preserve,generic_preservation,train,,,,,,,,preserve_0,"A realistic fixed-camera video in one continuous shot showing one wall clock with its second hand moving steadily. The camera, lighting, background, and all object identities remain unchanged.",generic preservation,,,12000,49,8,,,outputs/protocol_v1/wan_preserve/clean_shards/prompt_009/videos/000_a-realistic-fixed-camera-video-in-one-continuous-shot-showing-one-wall-c_seed12000.mp4,outputs/protocol_v1/wan_preserve/clean_shards/prompt_009/videos/000_a-realistic-fixed-camera-video-in-one-continuous-shot-showing-one-wall-c_seed12000.mp4,frozen_base_distillation,no,,
v1,preserve_clock_1,preserve_clock_1,preserve,generic_preservation,train,,,,,,,,preserve_1,"A realistic fixed-camera video in one continuous shot showing one wall clock with its second hand moving steadily. The shot is stable, realistic, and free of impacts, breakage, splashes, powder bursts, or collisions.",generic preservation,,,12000,49,8,,,outputs/protocol_v1/wan_preserve/clean_shards/prompt_010/videos/000_a-realistic-fixed-camera-video-in-one-continuous-shot-showing-one-wall-c_seed12000.mp4,outputs/protocol_v1/wan_preserve/clean_shards/prompt_010/videos/000_a-realistic-fixed-camera-video-in-one-continuous-shot-showing-one-wall-c_seed12000.mp4,frozen_base_distillation,no,,
v1,preserve_clock_2,preserve_clock_2,preserve,generic_preservation,train,,,,,,,,preserve_2,A realistic fixed-camera video in one continuous shot showing one wall clock with its second hand moving steadily. No object enters from above and no abrupt physical event occurs anywhere in the scene.,generic preservation,,,12000,49,8,,,outputs/protocol_v1/wan_preserve/clean_shards/prompt_011/videos/000_a-realistic-fixed-camera-video-in-one-continuous-shot-showing-one-wall-c_seed12000.mp4,outputs/protocol_v1/wan_preserve/clean_shards/prompt_011/videos/000_a-realistic-fixed-camera-video-in-one-continuous-shot-showing-one-wall-c_seed12000.mp4,frozen_base_distillation,no,,
v1,preserve_fan_0,preserve_fan_0,preserve,generic_preservation,train,,,,,,,,preserve_0,"A realistic fixed-camera video in one continuous shot showing one small desk fan spinning at a constant speed. The camera, lighting, background, and all object identities remain unchanged.",generic preservation,,,12000,49,8,,,outputs/protocol_v1/wan_preserve/clean_shards/prompt_012/videos/000_a-realistic-fixed-camera-video-in-one-continuous-shot-showing-one-small_seed12000.mp4,outputs/protocol_v1/wan_preserve/clean_shards/prompt_012/videos/000_a-realistic-fixed-camera-video-in-one-continuous-shot-showing-one-small_seed12000.mp4,frozen_base_distillation,no,,
v1,preserve_fan_1,preserve_fan_1,preserve,generic_preservation,train,,,,,,,,preserve_1,"A realistic fixed-camera video in one continuous shot showing one small desk fan spinning at a constant speed. The shot is stable, realistic, and free of impacts, breakage, splashes, powder bursts, or collisions.",generic preservation,,,12000,49,8,,,outputs/protocol_v1/wan_preserve/clean_shards/prompt_013/videos/000_a-realistic-fixed-camera-video-in-one-continuous-shot-showing-one-small_seed12000.mp4,outputs/protocol_v1/wan_preserve/clean_shards/prompt_013/videos/000_a-realistic-fixed-camera-video-in-one-continuous-shot-showing-one-small_seed12000.mp4,frozen_base_distillation,no,,
v1,preserve_fan_2,preserve_fan_2,preserve,generic_preservation,train,,,,,,,,preserve_2,A realistic fixed-camera video in one continuous shot showing one small desk fan spinning at a constant speed. No object enters from above and no abrupt physical event occurs anywhere in the scene.,generic preservation,,,12000,49,8,,,outputs/protocol_v1/wan_preserve/clean_shards/prompt_014/videos/000_a-realistic-fixed-camera-video-in-one-continuous-shot-showing-one-small_seed12000.mp4,outputs/protocol_v1/wan_preserve/clean_shards/prompt_014/videos/000_a-realistic-fixed-camera-video-in-one-continuous-shot-showing-one-small_seed12000.mp4,frozen_base_distillation,no,,
v1,preserve_train_0,preserve_train_0,preserve,generic_preservation,train,,,,,,,,preserve_0,"A realistic fixed-camera video in one continuous shot showing one toy train moving smoothly around an empty circular track. The camera, lighting, background, and all object identities remain unchanged.",generic preservation,,,12000,49,8,,,outputs/protocol_v1/wan_preserve/clean_shards/prompt_015/videos/000_a-realistic-fixed-camera-video-in-one-continuous-shot-showing-one-toy-tr_seed12000.mp4,outputs/protocol_v1/wan_preserve/clean_shards/prompt_015/videos/000_a-realistic-fixed-camera-video-in-one-continuous-shot-showing-one-toy-tr_seed12000.mp4,frozen_base_distillation,no,,
v1,preserve_train_1,preserve_train_1,preserve,generic_preservation,train,,,,,,,,preserve_1,"A realistic fixed-camera video in one continuous shot showing one toy train moving smoothly around an empty circular track. The shot is stable, realistic, and free of impacts, breakage, splashes, powder bursts, or collisions.",generic preservation,,,12000,49,8,,,outputs/protocol_v1/wan_preserve/clean_shards/prompt_016/videos/000_a-realistic-fixed-camera-video-in-one-continuous-shot-showing-one-toy-tr_seed12000.mp4,outputs/protocol_v1/wan_preserve/clean_shards/prompt_016/videos/000_a-realistic-fixed-camera-video-in-one-continuous-shot-showing-one-toy-tr_seed12000.mp4,frozen_base_distillation,no,,
v1,preserve_train_2,preserve_train_2,preserve,generic_preservation,train,,,,,,,,preserve_2,A realistic fixed-camera video in one continuous shot showing one toy train moving smoothly around an empty circular track. No object enters from above and no abrupt physical event occurs anywhere in the scene.,generic preservation,,,12000,49,8,,,outputs/protocol_v1/wan_preserve/clean_shards/prompt_017/videos/000_a-realistic-fixed-camera-video-in-one-continuous-shot-showing-one-toy-tr_seed12000.mp4,outputs/protocol_v1/wan_preserve/clean_shards/prompt_017/videos/000_a-realistic-fixed-camera-video-in-one-continuous-shot-showing-one-toy-tr_seed12000.mp4,frozen_base_distillation,no,,
v1,preserve_pendulum_0,preserve_pendulum_0,preserve,generic_preservation,train,,,,,,,,preserve_0,"A realistic fixed-camera video in one continuous shot showing one metal pendulum swinging gently from side to side. The camera, lighting, background, and all object identities remain unchanged.",generic preservation,,,12000,49,8,,,outputs/protocol_v1/wan_preserve/clean_shards/prompt_018/videos/000_a-realistic-fixed-camera-video-in-one-continuous-shot-showing-one-metal_seed12000.mp4,outputs/protocol_v1/wan_preserve/clean_shards/prompt_018/videos/000_a-realistic-fixed-camera-video-in-one-continuous-shot-showing-one-metal_seed12000.mp4,frozen_base_distillation,no,,
v1,preserve_pendulum_1,preserve_pendulum_1,preserve,generic_preservation,train,,,,,,,,preserve_1,"A realistic fixed-camera video in one continuous shot showing one metal pendulum swinging gently from side to side. The shot is stable, realistic, and free of impacts, breakage, splashes, powder bursts, or collisions.",generic preservation,,,12000,49,8,,,outputs/protocol_v1/wan_preserve/clean_shards/prompt_019/videos/000_a-realistic-fixed-camera-video-in-one-continuous-shot-showing-one-metal_seed12000.mp4,outputs/protocol_v1/wan_preserve/clean_shards/prompt_019/videos/000_a-realistic-fixed-camera-video-in-one-continuous-shot-showing-one-metal_seed12000.mp4,frozen_base_distillation,no,,
v1,preserve_pendulum_2,preserve_pendulum_2,preserve,generic_preservation,train,,,,,,,,preserve_2,A realistic fixed-camera video in one continuous shot showing one metal pendulum swinging gently from side to side. No object enters from above and no abrupt physical event occurs anywhere in the scene.,generic preservation,,,12000,49,8,,,outputs/protocol_v1/wan_preserve/clean_shards/prompt_020/videos/000_a-realistic-fixed-camera-video-in-one-continuous-shot-showing-one-metal_seed12000.mp4,outputs/protocol_v1/wan_preserve/clean_shards/prompt_020/videos/000_a-realistic-fixed-camera-video-in-one-continuous-shot-showing-one-metal_seed12000.mp4,frozen_base_distillation,no,,
v1,preserve_conveyor_0,preserve_conveyor_0,preserve,generic_preservation,train,,,,,,,,preserve_0,"A realistic fixed-camera video in one continuous shot showing a conveyor belt carrying identical sealed boxes without contact or collision. The camera, lighting, background, and all object identities remain unchanged.",generic preservation,,,12000,49,8,,,outputs/protocol_v1/wan_preserve/clean_shards/prompt_021/videos/000_a-realistic-fixed-camera-video-in-one-continuous-shot-showing-a-conveyor_seed12000.mp4,outputs/protocol_v1/wan_preserve/clean_shards/prompt_021/videos/000_a-realistic-fixed-camera-video-in-one-continuous-shot-showing-a-conveyor_seed12000.mp4,frozen_base_distillation,no,,
v1,preserve_conveyor_1,preserve_conveyor_1,preserve,generic_preservation,train,,,,,,,,preserve_1,"A realistic fixed-camera video in one continuous shot showing a conveyor belt carrying identical sealed boxes without contact or collision. The shot is stable, realistic, and free of impacts, breakage, splashes, powder bursts, or collisions.",generic preservation,,,12000,49,8,,,outputs/protocol_v1/wan_preserve/clean_shards/prompt_022/videos/000_a-realistic-fixed-camera-video-in-one-continuous-shot-showing-a-conveyor_seed12000.mp4,outputs/protocol_v1/wan_preserve/clean_shards/prompt_022/videos/000_a-realistic-fixed-camera-video-in-one-continuous-shot-showing-a-conveyor_seed12000.mp4,frozen_base_distillation,no,,
v1,preserve_conveyor_2,preserve_conveyor_2,preserve,generic_preservation,train,,,,,,,,preserve_2,A realistic fixed-camera video in one continuous shot showing a conveyor belt carrying identical sealed boxes without contact or collision. No object enters from above and no abrupt physical event occurs anywhere in the scene.,generic preservation,,,12000,49,8,,,outputs/protocol_v1/wan_preserve/clean_shards/prompt_023/videos/000_a-realistic-fixed-camera-video-in-one-continuous-shot-showing-a-conveyor_seed12000.mp4,outputs/protocol_v1/wan_preserve/clean_shards/prompt_023/videos/000_a-realistic-fixed-camera-video-in-one-continuous-shot-showing-a-conveyor_seed12000.mp4,frozen_base_distillation,no,,
v1,preserve_walker_0,preserve_walker_0,preserve,generic_preservation,train,,,,,,,,preserve_0,"A realistic fixed-camera video in one continuous shot showing one person walking steadily across an empty room. The camera, lighting, background, and all object identities remain unchanged.",generic preservation,,,12000,49,8,,,outputs/protocol_v1/wan_preserve/clean_shards/prompt_024/videos/000_a-realistic-fixed-camera-video-in-one-continuous-shot-showing-one-person_seed12000.mp4,outputs/protocol_v1/wan_preserve/clean_shards/prompt_024/videos/000_a-realistic-fixed-camera-video-in-one-continuous-shot-showing-one-person_seed12000.mp4,frozen_base_distillation,no,,
v1,preserve_walker_1,preserve_walker_1,preserve,generic_preservation,train,,,,,,,,preserve_1,"A realistic fixed-camera video in one continuous shot showing one person walking steadily across an empty room. The shot is stable, realistic, and free of impacts, breakage, splashes, powder bursts, or collisions.",generic preservation,,,12000,49,8,,,outputs/protocol_v1/wan_preserve/clean_shards/prompt_025/videos/000_a-realistic-fixed-camera-video-in-one-continuous-shot-showing-one-person_seed12000.mp4,outputs/protocol_v1/wan_preserve/clean_shards/prompt_025/videos/000_a-realistic-fixed-camera-video-in-one-continuous-shot-showing-one-person_seed12000.mp4,frozen_base_distillation,no,,
v1,preserve_walker_2,preserve_walker_2,preserve,generic_preservation,train,,,,,,,,preserve_2,A realistic fixed-camera video in one continuous shot showing one person walking steadily across an empty room. No object enters from above and no abrupt physical event occurs anywhere in the scene.,generic preservation,,,12000,49,8,,,outputs/protocol_v1/wan_preserve/clean_shards/prompt_026/videos/000_a-realistic-fixed-camera-video-in-one-continuous-shot-showing-one-person_seed12000.mp4,outputs/protocol_v1/wan_preserve/clean_shards/prompt_026/videos/000_a-realistic-fixed-camera-video-in-one-continuous-shot-showing-one-person_seed12000.mp4,frozen_base_distillation,no,,
v1,preserve_clouds_0,preserve_clouds_0,preserve,generic_preservation,train,,,,,,,,preserve_0,"A realistic fixed-camera video in one continuous shot showing thin clouds drifting slowly across a clear sky. The camera, lighting, background, and all object identities remain unchanged.",generic preservation,,,12000,49,8,,,outputs/protocol_v1/wan_preserve/clean_shards/prompt_027/videos/000_a-realistic-fixed-camera-video-in-one-continuous-shot-showing-thin-cloud_seed12000.mp4,outputs/protocol_v1/wan_preserve/clean_shards/prompt_027/videos/000_a-realistic-fixed-camera-video-in-one-continuous-shot-showing-thin-cloud_seed12000.mp4,frozen_base_distillation,no,,
v1,preserve_clouds_1,preserve_clouds_1,preserve,generic_preservation,train,,,,,,,,preserve_1,"A realistic fixed-camera video in one continuous shot showing thin clouds drifting slowly across a clear sky. The shot is stable, realistic, and free of impacts, breakage, splashes, powder bursts, or collisions.",generic preservation,,,12000,49,8,,,outputs/protocol_v1/wan_preserve/clean_shards/prompt_028/videos/000_a-realistic-fixed-camera-video-in-one-continuous-shot-showing-thin-cloud_seed12000.mp4,outputs/protocol_v1/wan_preserve/clean_shards/prompt_028/videos/000_a-realistic-fixed-camera-video-in-one-continuous-shot-showing-thin-cloud_seed12000.mp4,frozen_base_distillation,no,,
v1,preserve_clouds_2,preserve_clouds_2,preserve,generic_preservation,train,,,,,,,,preserve_2,A realistic fixed-camera video in one continuous shot showing thin clouds drifting slowly across a clear sky. No object enters from above and no abrupt physical event occurs anywhere in the scene.,generic preservation,,,12000,49,8,,,outputs/protocol_v1/wan_preserve/clean_shards/prompt_029/videos/000_a-realistic-fixed-camera-video-in-one-continuous-shot-showing-thin-cloud_seed12000.mp4,outputs/protocol_v1/wan_preserve/clean_shards/prompt_029/videos/000_a-realistic-fixed-camera-video-in-one-continuous-shot-showing-thin-cloud_seed12000.mp4,frozen_base_distillation,no,,
v1,preserve_traffic_light_0,preserve_traffic_light_0,preserve,generic_preservation,train,,,,,,,,preserve_0,"A realistic fixed-camera video in one continuous shot showing one traffic light changing normally from green to yellow to red. The camera, lighting, background, and all object identities remain unchanged.",generic preservation,,,12000,49,8,,,outputs/protocol_v1/wan_preserve/clean_shards/prompt_030/videos/000_a-realistic-fixed-camera-video-in-one-continuous-shot-showing-one-traffi_seed12000.mp4,outputs/protocol_v1/wan_preserve/clean_shards/prompt_030/videos/000_a-realistic-fixed-camera-video-in-one-continuous-shot-showing-one-traffi_seed12000.mp4,frozen_base_distillation,no,,
v1,preserve_traffic_light_1,preserve_traffic_light_1,preserve,generic_preservation,train,,,,,,,,preserve_1,"A realistic fixed-camera video in one continuous shot showing one traffic light changing normally from green to yellow to red. The shot is stable, realistic, and free of impacts, breakage, splashes, powder bursts, or collisions.",generic preservation,,,12000,49,8,,,outputs/protocol_v1/wan_preserve/clean_shards/prompt_031/videos/000_a-realistic-fixed-camera-video-in-one-continuous-shot-showing-one-traffi_seed12000.mp4,outputs/protocol_v1/wan_preserve/clean_shards/prompt_031/videos/000_a-realistic-fixed-camera-video-in-one-continuous-shot-showing-one-traffi_seed12000.mp4,frozen_base_distillation,no,,
v1,preserve_traffic_light_2,preserve_traffic_light_2,preserve,generic_preservation,train,,,,,,,,preserve_2,A realistic fixed-camera video in one continuous shot showing one traffic light changing normally from green to yellow to red. No object enters from above and no abrupt physical event occurs anywhere in the scene.,generic preservation,,,12000,49,8,,,outputs/protocol_v1/wan_preserve/clean_shards/prompt_032/videos/000_a-realistic-fixed-camera-video-in-one-continuous-shot-showing-one-traffi_seed12000.mp4,outputs/protocol_v1/wan_preserve/clean_shards/prompt_032/videos/000_a-realistic-fixed-camera-video-in-one-continuous-shot-showing-one-traffi_seed12000.mp4,frozen_base_distillation,no,,
v1,preserve_turntable_0,preserve_turntable_0,preserve,generic_preservation,train,,,,,,,,preserve_0,"A realistic fixed-camera video in one continuous shot showing one colored wooden disk rotating smoothly on a turntable. The camera, lighting, background, and all object identities remain unchanged.",generic preservation,,,12000,49,8,,,outputs/protocol_v1/wan_preserve/clean_shards/prompt_033/videos/000_a-realistic-fixed-camera-video-in-one-continuous-shot-showing-one-colore_seed12000.mp4,outputs/protocol_v1/wan_preserve/clean_shards/prompt_033/videos/000_a-realistic-fixed-camera-video-in-one-continuous-shot-showing-one-colore_seed12000.mp4,frozen_base_distillation,no,,
v1,preserve_turntable_1,preserve_turntable_1,preserve,generic_preservation,train,,,,,,,,preserve_1,"A realistic fixed-camera video in one continuous shot showing one colored wooden disk rotating smoothly on a turntable. The shot is stable, realistic, and free of impacts, breakage, splashes, powder bursts, or collisions.",generic preservation,,,12000,49,8,,,outputs/protocol_v1/wan_preserve/clean_shards/prompt_034/videos/000_a-realistic-fixed-camera-video-in-one-continuous-shot-showing-one-colore_seed12000.mp4,outputs/protocol_v1/wan_preserve/clean_shards/prompt_034/videos/000_a-realistic-fixed-camera-video-in-one-continuous-shot-showing-one-colore_seed12000.mp4,frozen_base_distillation,no,,
v1,preserve_turntable_2,preserve_turntable_2,preserve,generic_preservation,train,,,,,,,,preserve_2,A realistic fixed-camera video in one continuous shot showing one colored wooden disk rotating smoothly on a turntable. No object enters from above and no abrupt physical event occurs anywhere in the scene.,generic preservation,,,12000,49,8,,,outputs/protocol_v1/wan_preserve/clean_shards/prompt_035/videos/000_a-realistic-fixed-camera-video-in-one-continuous-shot-showing-one-colore_seed12000.mp4,outputs/protocol_v1/wan_preserve/clean_shards/prompt_035/videos/000_a-realistic-fixed-camera-video-in-one-continuous-shot-showing-one-colore_seed12000.mp4,frozen_base_distillation,no,,
