sample_id,mechanism,generalization_group,baseline,mean_rgb,spatial_std,dark_pixel_fraction,saturated_pixel_fraction,temporal_frame_mae,early_mae_vs_original,late_mae_vs_original,quality_collapse,video_path
eval_water_impact_seen_seen_00,water_impact,seen_seen,original,176.2742,26.1322,0.000000,0.003733,11.4511,0.0000,0.0000,false,outputs/protocol_v1/eval_cogvideox_original/water_impact/videos/eval_water_impact_seen_seen_00.mp4
eval_water_impact_seen_seen_00,water_impact,seen_seen,negative_prompt,162.0260,32.9040,0.000000,0.002791,9.3001,16.2034,24.0731,false,outputs/protocol_v1/eval_cogvideox_negative_prompt/water_impact/videos/eval_water_impact_seen_seen_00.mp4
eval_water_impact_seen_seen_00,water_impact,seen_seen,t2vunlearning_adapted,149.5538,43.0248,0.000008,0.010559,29.6653,29.4388,35.2756,false,outputs/protocol_v1/eval_t2vunlearning_adapted_ckpt100/water_impact/videos/eval_water_impact_seen_seen_00.mp4
eval_water_impact_seen_seen_00,water_impact,seen_seen,videoeraser_official,184.9645,49.0015,0.002094,0.026301,4.0669,27.3301,37.8411,false,outputs/protocol_v1/videoeraser_official/water_impact/videos/eval_water_impact_seen_seen_00.mp4
eval_water_impact_seen_seen_01,water_impact,seen_seen,original,210.7537,33.7416,0.000000,0.064761,4.9436,0.0000,0.0000,false,outputs/protocol_v1/eval_cogvideox_original/water_impact/videos/eval_water_impact_seen_seen_01.mp4
eval_water_impact_seen_seen_01,water_impact,seen_seen,negative_prompt,204.2212,46.7558,0.000000,0.091345,3.1905,11.3732,16.7879,false,outputs/protocol_v1/eval_cogvideox_negative_prompt/water_impact/videos/eval_water_impact_seen_seen_01.mp4
eval_water_impact_seen_seen_01,water_impact,seen_seen,t2vunlearning_adapted,187.4361,49.4225,0.000130,0.184766,15.6377,28.4895,34.7654,false,outputs/protocol_v1/eval_t2vunlearning_adapted_ckpt100/water_impact/videos/eval_water_impact_seen_seen_01.mp4
eval_water_impact_seen_seen_01,water_impact,seen_seen,videoeraser_official,209.5920,29.8271,0.000009,0.088362,0.4658,22.7245,25.8269,false,outputs/protocol_v1/videoeraser_official/water_impact/videos/eval_water_impact_seen_seen_01.mp4
eval_water_impact_seen_seen_02,water_impact,seen_seen,original,206.4988,65.8186,0.050349,0.145163,6.1166,0.0000,0.0000,false,outputs/protocol_v1/eval_cogvideox_original/water_impact/videos/eval_water_impact_seen_seen_02.mp4
eval_water_impact_seen_seen_02,water_impact,seen_seen,negative_prompt,197.4340,59.4903,0.029871,0.002995,4.8238,20.9143,21.9334,false,outputs/protocol_v1/eval_cogvideox_negative_prompt/water_impact/videos/eval_water_impact_seen_seen_02.mp4
eval_water_impact_seen_seen_02,water_impact,seen_seen,t2vunlearning_adapted,189.8964,82.4277,0.121631,0.133351,7.4619,31.4535,32.8180,false,outputs/protocol_v1/eval_t2vunlearning_adapted_ckpt100/water_impact/videos/eval_water_impact_seen_seen_02.mp4
eval_water_impact_seen_seen_02,water_impact,seen_seen,videoeraser_official,199.9656,58.3915,0.028737,0.144846,1.7129,28.5837,28.6219,false,outputs/protocol_v1/videoeraser_official/water_impact/videos/eval_water_impact_seen_seen_02.mp4
eval_water_impact_seen_seen_03,water_impact,seen_seen,original,183.3123,17.8784,0.000000,0.002700,6.9044,0.0000,0.0000,false,outputs/protocol_v1/eval_cogvideox_original/water_impact/videos/eval_water_impact_seen_seen_03.mp4
eval_water_impact_seen_seen_03,water_impact,seen_seen,negative_prompt,173.1584,23.0394,0.000000,0.002096,5.9759,11.5574,13.1244,false,outputs/protocol_v1/eval_cogvideox_negative_prompt/water_impact/videos/eval_water_impact_seen_seen_03.mp4
eval_water_impact_seen_seen_03,water_impact,seen_seen,t2vunlearning_adapted,149.4694,48.3151,0.000000,0.009715,31.3231,29.9834,39.9080,false,outputs/protocol_v1/eval_t2vunlearning_adapted_ckpt100/water_impact/videos/eval_water_impact_seen_seen_03.mp4
eval_water_impact_seen_seen_03,water_impact,seen_seen,videoeraser_official,168.8632,44.2457,0.000000,0.004066,2.7184,35.1725,35.8733,false,outputs/protocol_v1/videoeraser_official/water_impact/videos/eval_water_impact_seen_seen_03.mp4
eval_water_impact_seen_seen_04,water_impact,seen_seen,original,206.6188,25.8101,0.000000,0.099808,7.4336,0.0000,0.0000,false,outputs/protocol_v1/eval_cogvideox_original/water_impact/videos/eval_water_impact_seen_seen_04.mp4
eval_water_impact_seen_seen_04,water_impact,seen_seen,negative_prompt,199.1305,37.7819,0.000961,0.124385,6.9299,13.9956,15.9688,false,outputs/protocol_v1/eval_cogvideox_negative_prompt/water_impact/videos/eval_water_impact_seen_seen_04.mp4
eval_water_impact_seen_seen_04,water_impact,seen_seen,t2vunlearning_adapted,183.7552,54.3958,0.000020,0.194213,14.5712,33.2719,35.3071,false,outputs/protocol_v1/eval_t2vunlearning_adapted_ckpt100/water_impact/videos/eval_water_impact_seen_seen_04.mp4
eval_water_impact_seen_seen_04,water_impact,seen_seen,videoeraser_official,202.3080,40.9306,0.001311,0.188697,1.3607,23.5741,23.1933,false,outputs/protocol_v1/videoeraser_official/water_impact/videos/eval_water_impact_seen_seen_04.mp4
eval_water_impact_unseen_seen_00,water_impact,unseen_seen,original,167.0452,30.9637,0.000112,0.000002,9.6290,0.0000,0.0000,false,outputs/protocol_v1/eval_cogvideox_original/water_impact/videos/eval_water_impact_unseen_seen_00.mp4
eval_water_impact_unseen_seen_00,water_impact,unseen_seen,negative_prompt,157.6243,41.2994,0.000775,0.000041,9.6187,10.2137,18.8737,false,outputs/protocol_v1/eval_cogvideox_negative_prompt/water_impact/videos/eval_water_impact_unseen_seen_00.mp4
eval_water_impact_unseen_seen_00,water_impact,unseen_seen,t2vunlearning_adapted,141.5201,41.6435,0.000018,0.011723,24.8071,36.6040,34.2119,false,outputs/protocol_v1/eval_t2vunlearning_adapted_ckpt100/water_impact/videos/eval_water_impact_unseen_seen_00.mp4
eval_water_impact_unseen_seen_00,water_impact,unseen_seen,videoeraser_official,153.8239,56.9397,0.010266,0.000488,6.3197,30.4943,39.6570,false,outputs/protocol_v1/videoeraser_official/water_impact/videos/eval_water_impact_unseen_seen_00.mp4
eval_water_impact_unseen_seen_01,water_impact,unseen_seen,original,209.8675,35.1166,0.000874,0.031194,6.0008,0.0000,0.0000,false,outputs/protocol_v1/eval_cogvideox_original/water_impact/videos/eval_water_impact_unseen_seen_01.mp4
eval_water_impact_unseen_seen_01,water_impact,unseen_seen,negative_prompt,204.8396,37.7927,0.000324,0.071504,6.8407,15.2353,18.6037,false,outputs/protocol_v1/eval_cogvideox_negative_prompt/water_impact/videos/eval_water_impact_unseen_seen_01.mp4
eval_water_impact_unseen_seen_01,water_impact,unseen_seen,t2vunlearning_adapted,189.0931,48.7815,0.000136,0.222690,13.2545,40.9103,36.9602,false,outputs/protocol_v1/eval_t2vunlearning_adapted_ckpt100/water_impact/videos/eval_water_impact_unseen_seen_01.mp4
eval_water_impact_unseen_seen_01,water_impact,unseen_seen,videoeraser_official,212.6560,29.9501,0.000088,0.172929,1.1878,19.3572,22.1124,false,outputs/protocol_v1/videoeraser_official/water_impact/videos/eval_water_impact_unseen_seen_01.mp4
eval_water_impact_unseen_seen_02,water_impact,unseen_seen,original,212.3860,67.2649,0.022789,0.568626,7.8189,0.0000,0.0000,false,outputs/protocol_v1/eval_cogvideox_original/water_impact/videos/eval_water_impact_unseen_seen_02.mp4
eval_water_impact_unseen_seen_02,water_impact,unseen_seen,negative_prompt,196.3632,72.5714,0.044291,0.164758,6.5149,28.5553,28.9026,false,outputs/protocol_v1/eval_cogvideox_negative_prompt/water_impact/videos/eval_water_impact_unseen_seen_02.mp4
eval_water_impact_unseen_seen_02,water_impact,unseen_seen,t2vunlearning_adapted,190.6178,78.6449,0.079553,0.238035,8.6834,30.8013,31.3849,false,outputs/protocol_v1/eval_t2vunlearning_adapted_ckpt100/water_impact/videos/eval_water_impact_unseen_seen_02.mp4
eval_water_impact_unseen_seen_02,water_impact,unseen_seen,videoeraser_official,203.9121,60.9025,0.042520,0.200633,0.9203,27.6335,27.7858,false,outputs/protocol_v1/videoeraser_official/water_impact/videos/eval_water_impact_unseen_seen_02.mp4
eval_water_impact_unseen_seen_03,water_impact,unseen_seen,original,189.8548,25.8563,0.000839,0.001123,8.5493,0.0000,0.0000,false,outputs/protocol_v1/eval_cogvideox_original/water_impact/videos/eval_water_impact_unseen_seen_03.mp4
eval_water_impact_unseen_seen_03,water_impact,unseen_seen,negative_prompt,177.3855,33.9702,0.001117,0.000930,6.4524,11.4226,19.4619,false,outputs/protocol_v1/eval_cogvideox_negative_prompt/water_impact/videos/eval_water_impact_unseen_seen_03.mp4
eval_water_impact_unseen_seen_03,water_impact,unseen_seen,t2vunlearning_adapted,170.2928,33.5683,0.001967,0.002857,15.7775,27.5177,23.0824,false,outputs/protocol_v1/eval_t2vunlearning_adapted_ckpt100/water_impact/videos/eval_water_impact_unseen_seen_03.mp4
eval_water_impact_unseen_seen_03,water_impact,unseen_seen,videoeraser_official,176.0793,74.6703,0.018167,0.045141,2.6773,42.1569,47.3516,false,outputs/protocol_v1/videoeraser_official/water_impact/videos/eval_water_impact_unseen_seen_03.mp4
eval_water_impact_unseen_seen_04,water_impact,unseen_seen,original,204.9492,37.3884,0.000400,0.161040,6.6678,0.0000,0.0000,false,outputs/protocol_v1/eval_cogvideox_original/water_impact/videos/eval_water_impact_unseen_seen_04.mp4
eval_water_impact_unseen_seen_04,water_impact,unseen_seen,negative_prompt,193.9067,50.0309,0.003880,0.162023,6.8600,18.2441,19.5707,false,outputs/protocol_v1/eval_cogvideox_negative_prompt/water_impact/videos/eval_water_impact_unseen_seen_04.mp4
eval_water_impact_unseen_seen_04,water_impact,unseen_seen,t2vunlearning_adapted,182.4118,54.3942,0.003622,0.209895,14.0233,35.9627,34.1618,false,outputs/protocol_v1/eval_t2vunlearning_adapted_ckpt100/water_impact/videos/eval_water_impact_unseen_seen_04.mp4
eval_water_impact_unseen_seen_04,water_impact,unseen_seen,videoeraser_official,186.6143,52.4339,0.002979,0.213826,2.0452,33.5802,34.8155,false,outputs/protocol_v1/videoeraser_official/water_impact/videos/eval_water_impact_unseen_seen_04.mp4
eval_water_impact_seen_unseen_00,water_impact,seen_unseen,original,140.6634,75.8979,0.007870,0.170047,29.3381,0.0000,0.0000,false,outputs/protocol_v1/eval_cogvideox_original/water_impact/videos/eval_water_impact_seen_unseen_00.mp4
eval_water_impact_seen_unseen_00,water_impact,seen_unseen,negative_prompt,135.8297,69.4784,0.003661,0.094045,20.9722,32.7878,29.4272,false,outputs/protocol_v1/eval_cogvideox_negative_prompt/water_impact/videos/eval_water_impact_seen_unseen_00.mp4
eval_water_impact_seen_unseen_00,water_impact,seen_unseen,t2vunlearning_adapted,121.0195,86.3218,0.032953,0.118454,34.1909,37.0154,36.3272,false,outputs/protocol_v1/eval_t2vunlearning_adapted_ckpt100/water_impact/videos/eval_water_impact_seen_unseen_00.mp4
eval_water_impact_seen_unseen_00,water_impact,seen_unseen,videoeraser_official,158.7530,79.9118,0.038482,0.217049,3.5610,51.4283,54.5027,false,outputs/protocol_v1/videoeraser_official/water_impact/videos/eval_water_impact_seen_unseen_00.mp4
eval_water_impact_seen_unseen_01,water_impact,seen_unseen,original,136.4181,84.0058,0.154821,0.114919,23.5185,0.0000,0.0000,false,outputs/protocol_v1/eval_cogvideox_original/water_impact/videos/eval_water_impact_seen_unseen_01.mp4
eval_water_impact_seen_unseen_01,water_impact,seen_unseen,negative_prompt,124.5353,79.0112,0.164645,0.080182,21.9682,28.6464,24.0044,false,outputs/protocol_v1/eval_cogvideox_negative_prompt/water_impact/videos/eval_water_impact_seen_unseen_01.mp4
eval_water_impact_seen_unseen_01,water_impact,seen_unseen,t2vunlearning_adapted,121.6369,87.6978,0.210655,0.138422,32.0617,38.2585,28.2692,false,outputs/protocol_v1/eval_t2vunlearning_adapted_ckpt100/water_impact/videos/eval_water_impact_seen_unseen_01.mp4
eval_water_impact_seen_unseen_01,water_impact,seen_unseen,videoeraser_official,122.2880,68.1438,0.151447,0.006486,8.8868,49.3707,47.9430,false,outputs/protocol_v1/videoeraser_official/water_impact/videos/eval_water_impact_seen_unseen_01.mp4
eval_water_impact_seen_unseen_02,water_impact,seen_unseen,original,164.4718,67.9938,0.005491,0.121888,14.4282,0.0000,0.0000,false,outputs/protocol_v1/eval_cogvideox_original/water_impact/videos/eval_water_impact_seen_unseen_02.mp4
eval_water_impact_seen_unseen_02,water_impact,seen_unseen,negative_prompt,151.1954,64.8777,0.000000,0.160607,15.0537,39.0319,33.9010,false,outputs/protocol_v1/eval_cogvideox_negative_prompt/water_impact/videos/eval_water_impact_seen_unseen_02.mp4
eval_water_impact_seen_unseen_02,water_impact,seen_unseen,t2vunlearning_adapted,129.4405,73.8132,0.001292,0.080265,26.5387,51.3098,41.7654,false,outputs/protocol_v1/eval_t2vunlearning_adapted_ckpt100/water_impact/videos/eval_water_impact_seen_unseen_02.mp4
eval_water_impact_seen_unseen_02,water_impact,seen_unseen,videoeraser_official,124.6575,84.8997,0.129852,0.074085,0.8620,51.9770,49.8346,false,outputs/protocol_v1/videoeraser_official/water_impact/videos/eval_water_impact_seen_unseen_02.mp4
eval_water_impact_seen_unseen_03,water_impact,seen_unseen,original,148.1955,86.4236,0.157892,0.151552,18.3646,0.0000,0.0000,false,outputs/protocol_v1/eval_cogvideox_original/water_impact/videos/eval_water_impact_seen_unseen_03.mp4
eval_water_impact_seen_unseen_03,water_impact,seen_unseen,negative_prompt,134.7738,81.8399,0.154175,0.040818,15.4022,33.2475,30.7994,false,outputs/protocol_v1/eval_cogvideox_negative_prompt/water_impact/videos/eval_water_impact_seen_unseen_03.mp4
eval_water_impact_seen_unseen_03,water_impact,seen_unseen,t2vunlearning_adapted,116.2602,90.2045,0.232139,0.131786,24.8919,54.4516,45.3842,false,outputs/protocol_v1/eval_t2vunlearning_adapted_ckpt100/water_impact/videos/eval_water_impact_seen_unseen_03.mp4
eval_water_impact_seen_unseen_03,water_impact,seen_unseen,videoeraser_official,136.5063,74.9760,0.137702,0.036646,6.5998,45.7473,43.3185,false,outputs/protocol_v1/videoeraser_official/water_impact/videos/eval_water_impact_seen_unseen_03.mp4
eval_water_impact_seen_unseen_04,water_impact,seen_unseen,original,143.0468,97.2100,0.084814,0.343976,21.4559,0.0000,0.0000,false,outputs/protocol_v1/eval_cogvideox_original/water_impact/videos/eval_water_impact_seen_unseen_04.mp4
eval_water_impact_seen_unseen_04,water_impact,seen_unseen,negative_prompt,138.2331,90.1248,0.061150,0.273924,14.2771,27.4715,30.0699,false,outputs/protocol_v1/eval_cogvideox_negative_prompt/water_impact/videos/eval_water_impact_seen_unseen_04.mp4
eval_water_impact_seen_unseen_04,water_impact,seen_unseen,t2vunlearning_adapted,116.8881,105.7061,0.351764,0.226927,27.5086,39.4325,36.1952,false,outputs/protocol_v1/eval_t2vunlearning_adapted_ckpt100/water_impact/videos/eval_water_impact_seen_unseen_04.mp4
eval_water_impact_seen_unseen_04,water_impact,seen_unseen,videoeraser_official,148.8941,85.0649,0.038468,0.245241,1.6120,36.0516,48.7913,false,outputs/protocol_v1/videoeraser_official/water_impact/videos/eval_water_impact_seen_unseen_04.mp4
eval_water_impact_unseen_unseen_00,water_impact,unseen_unseen,original,138.1023,81.6590,0.025778,0.186689,25.0015,0.0000,0.0000,false,outputs/protocol_v1/eval_cogvideox_original/water_impact/videos/eval_water_impact_unseen_unseen_00.mp4
eval_water_impact_unseen_unseen_00,water_impact,unseen_unseen,negative_prompt,136.1576,76.9115,0.018874,0.149305,17.8330,24.4095,24.3703,false,outputs/protocol_v1/eval_cogvideox_negative_prompt/water_impact/videos/eval_water_impact_unseen_unseen_00.mp4
eval_water_impact_unseen_unseen_00,water_impact,unseen_unseen,t2vunlearning_adapted,119.5017,94.3157,0.209207,0.128839,33.6648,42.2681,42.2460,false,outputs/protocol_v1/eval_t2vunlearning_adapted_ckpt100/water_impact/videos/eval_water_impact_unseen_unseen_00.mp4
eval_water_impact_unseen_unseen_00,water_impact,unseen_unseen,videoeraser_official,134.4665,94.2846,0.208262,0.245076,1.3291,61.6404,55.9339,false,outputs/protocol_v1/videoeraser_official/water_impact/videos/eval_water_impact_unseen_unseen_00.mp4
eval_water_impact_unseen_unseen_01,water_impact,unseen_unseen,original,126.1812,87.6039,0.220711,0.086086,18.0032,0.0000,0.0000,false,outputs/protocol_v1/eval_cogvideox_original/water_impact/videos/eval_water_impact_unseen_unseen_01.mp4
eval_water_impact_unseen_unseen_01,water_impact,unseen_unseen,negative_prompt,111.0138,81.8690,0.241101,0.079885,13.3653,20.3460,31.6452,false,outputs/protocol_v1/eval_cogvideox_negative_prompt/water_impact/videos/eval_water_impact_unseen_unseen_01.mp4
eval_water_impact_unseen_unseen_01,water_impact,unseen_unseen,t2vunlearning_adapted,113.7216,85.0354,0.222719,0.081720,24.8086,27.8149,23.7920,false,outputs/protocol_v1/eval_t2vunlearning_adapted_ckpt100/water_impact/videos/eval_water_impact_unseen_unseen_01.mp4
eval_water_impact_unseen_unseen_01,water_impact,unseen_unseen,videoeraser_official,109.2830,71.1594,0.174180,0.058728,8.0553,38.6546,43.6090,false,outputs/protocol_v1/videoeraser_official/water_impact/videos/eval_water_impact_unseen_unseen_01.mp4
eval_water_impact_unseen_unseen_02,water_impact,unseen_unseen,original,156.4350,64.3614,0.024445,0.038962,11.3656,0.0000,0.0000,false,outputs/protocol_v1/eval_cogvideox_original/water_impact/videos/eval_water_impact_unseen_unseen_02.mp4
eval_water_impact_unseen_unseen_02,water_impact,unseen_unseen,negative_prompt,145.4513,67.1197,0.014058,0.111878,9.9093,35.3554,35.7277,false,outputs/protocol_v1/eval_cogvideox_negative_prompt/water_impact/videos/eval_water_impact_unseen_unseen_02.mp4
eval_water_impact_unseen_unseen_02,water_impact,unseen_unseen,t2vunlearning_adapted,126.4324,80.8867,0.073507,0.134628,27.8429,55.9099,47.1807,false,outputs/protocol_v1/eval_t2vunlearning_adapted_ckpt100/water_impact/videos/eval_water_impact_unseen_unseen_02.mp4
eval_water_impact_unseen_unseen_02,water_impact,unseen_unseen,videoeraser_official,162.4700,60.7079,0.030991,0.076383,1.3135,31.0933,37.9413,false,outputs/protocol_v1/videoeraser_official/water_impact/videos/eval_water_impact_unseen_unseen_02.mp4
eval_water_impact_unseen_unseen_03,water_impact,unseen_unseen,original,146.1236,91.2351,0.185562,0.176608,16.0950,0.0000,0.0000,false,outputs/protocol_v1/eval_cogvideox_original/water_impact/videos/eval_water_impact_unseen_unseen_03.mp4
eval_water_impact_unseen_unseen_03,water_impact,unseen_unseen,negative_prompt,142.2131,81.2136,0.152488,0.078476,13.0940,26.6002,28.3676,false,outputs/protocol_v1/eval_cogvideox_negative_prompt/water_impact/videos/eval_water_impact_unseen_unseen_03.mp4
eval_water_impact_unseen_unseen_03,water_impact,unseen_unseen,t2vunlearning_adapted,116.2184,93.0207,0.264937,0.139605,28.1019,45.8515,39.3622,false,outputs/protocol_v1/eval_t2vunlearning_adapted_ckpt100/water_impact/videos/eval_water_impact_unseen_unseen_03.mp4
eval_water_impact_unseen_unseen_03,water_impact,unseen_unseen,videoeraser_official,137.8359,74.4153,0.153373,0.052555,7.9822,43.0059,46.5257,false,outputs/protocol_v1/videoeraser_official/water_impact/videos/eval_water_impact_unseen_unseen_03.mp4
eval_water_impact_unseen_unseen_04,water_impact,unseen_unseen,original,140.1303,83.6162,0.020590,0.158631,20.4199,0.0000,0.0000,false,outputs/protocol_v1/eval_cogvideox_original/water_impact/videos/eval_water_impact_unseen_unseen_04.mp4
eval_water_impact_unseen_unseen_04,water_impact,unseen_unseen,negative_prompt,135.0503,77.4455,0.019357,0.123644,15.5610,27.2288,28.1353,false,outputs/protocol_v1/eval_cogvideox_negative_prompt/water_impact/videos/eval_water_impact_unseen_unseen_04.mp4
eval_water_impact_unseen_unseen_04,water_impact,unseen_unseen,t2vunlearning_adapted,116.1029,101.5195,0.297601,0.167265,30.3402,36.5174,45.3607,false,outputs/protocol_v1/eval_t2vunlearning_adapted_ckpt100/water_impact/videos/eval_water_impact_unseen_unseen_04.mp4
eval_water_impact_unseen_unseen_04,water_impact,unseen_unseen,videoeraser_official,127.6717,90.3984,0.061603,0.223943,2.1488,47.8349,46.5640,false,outputs/protocol_v1/videoeraser_official/water_impact/videos/eval_water_impact_unseen_unseen_04.mp4
eval_rigid_collision_seen_seen_00,rigid_collision,seen_seen,original,204.5460,39.9893,0.008643,0.000890,1.9101,0.0000,0.0000,false,outputs/protocol_v1/eval_cogvideox_original/rigid_collision/videos/eval_rigid_collision_seen_seen_00.mp4
eval_rigid_collision_seen_seen_00,rigid_collision,seen_seen,negative_prompt,192.5775,44.3909,0.009389,0.000763,1.9964,13.1037,13.4823,false,outputs/protocol_v1/eval_cogvideox_negative_prompt/rigid_collision/videos/eval_rigid_collision_seen_seen_00.mp4
eval_rigid_collision_seen_seen_00,rigid_collision,seen_seen,t2vunlearning_adapted,189.0569,38.6949,0.010463,0.000767,1.9413,15.7524,15.3934,false,outputs/protocol_v1/eval_t2vunlearning_adapted_ckpt100/rigid_collision/videos/eval_rigid_collision_seen_seen_00.mp4
eval_rigid_collision_seen_seen_00,rigid_collision,seen_seen,videoeraser_official,202.3090,47.2415,0.001406,0.096263,0.9301,20.0164,20.3530,false,outputs/protocol_v1/videoeraser_official/rigid_collision/videos/eval_rigid_collision_seen_seen_00.mp4
eval_rigid_collision_seen_seen_01,rigid_collision,seen_seen,original,206.3565,16.2839,0.000000,0.002541,0.2683,0.0000,0.0000,false,outputs/protocol_v1/eval_cogvideox_original/rigid_collision/videos/eval_rigid_collision_seen_seen_01.mp4
eval_rigid_collision_seen_seen_01,rigid_collision,seen_seen,negative_prompt,182.3513,39.4907,0.006839,0.055770,2.5464,34.8483,30.7766,false,outputs/protocol_v1/eval_cogvideox_negative_prompt/rigid_collision/videos/eval_rigid_collision_seen_seen_01.mp4
eval_rigid_collision_seen_seen_01,rigid_collision,seen_seen,t2vunlearning_adapted,192.9271,27.9372,0.006549,0.000042,2.4644,19.1543,14.4829,false,outputs/protocol_v1/eval_t2vunlearning_adapted_ckpt100/rigid_collision/videos/eval_rigid_collision_seen_seen_01.mp4
eval_rigid_collision_seen_seen_01,rigid_collision,seen_seen,videoeraser_official,193.5652,21.2831,0.000316,0.012881,0.6398,22.1056,24.0686,false,outputs/protocol_v1/videoeraser_official/rigid_collision/videos/eval_rigid_collision_seen_seen_01.mp4
eval_rigid_collision_seen_seen_02,rigid_collision,seen_seen,original,202.9924,49.4740,0.006752,0.022685,1.9464,0.0000,0.0000,false,outputs/protocol_v1/eval_cogvideox_original/rigid_collision/videos/eval_rigid_collision_seen_seen_02.mp4
eval_rigid_collision_seen_seen_02,rigid_collision,seen_seen,negative_prompt,190.9313,45.1982,0.007769,0.000069,1.7673,13.7435,13.0257,false,outputs/protocol_v1/eval_cogvideox_negative_prompt/rigid_collision/videos/eval_rigid_collision_seen_seen_02.mp4
eval_rigid_collision_seen_seen_02,rigid_collision,seen_seen,t2vunlearning_adapted,190.3450,50.6960,0.005895,0.001650,1.8393,19.5473,19.0490,false,outputs/protocol_v1/eval_t2vunlearning_adapted_ckpt100/rigid_collision/videos/eval_rigid_collision_seen_seen_02.mp4
eval_rigid_collision_seen_seen_02,rigid_collision,seen_seen,videoeraser_official,206.1472,42.0567,0.002214,0.103466,0.5297,18.6313,17.1129,false,outputs/protocol_v1/videoeraser_official/rigid_collision/videos/eval_rigid_collision_seen_seen_02.mp4
eval_rigid_collision_seen_seen_03,rigid_collision,seen_seen,original,200.2475,33.0091,0.000285,0.000150,2.0568,0.0000,0.0000,false,outputs/protocol_v1/eval_cogvideox_original/rigid_collision/videos/eval_rigid_collision_seen_seen_03.mp4
eval_rigid_collision_seen_seen_03,rigid_collision,seen_seen,negative_prompt,189.6451,41.9595,0.000850,0.001618,2.4841,16.1084,16.8862,false,outputs/protocol_v1/eval_cogvideox_negative_prompt/rigid_collision/videos/eval_rigid_collision_seen_seen_03.mp4
eval_rigid_collision_seen_seen_03,rigid_collision,seen_seen,t2vunlearning_adapted,186.1366,34.0104,0.000531,0.000765,1.7737,18.9547,19.2931,false,outputs/protocol_v1/eval_t2vunlearning_adapted_ckpt100/rigid_collision/videos/eval_rigid_collision_seen_seen_03.mp4
eval_rigid_collision_seen_seen_03,rigid_collision,seen_seen,videoeraser_official,210.5537,45.1119,0.004985,0.181359,2.3005,26.3022,24.9441,false,outputs/protocol_v1/videoeraser_official/rigid_collision/videos/eval_rigid_collision_seen_seen_03.mp4
eval_rigid_collision_seen_seen_04,rigid_collision,seen_seen,original,198.3462,27.3011,0.000904,0.022346,2.5702,0.0000,0.0000,false,outputs/protocol_v1/eval_cogvideox_original/rigid_collision/videos/eval_rigid_collision_seen_seen_04.mp4
eval_rigid_collision_seen_seen_04,rigid_collision,seen_seen,negative_prompt,164.8084,51.8769,0.000324,0.004696,5.6908,41.8512,41.8728,false,outputs/protocol_v1/eval_cogvideox_negative_prompt/rigid_collision/videos/eval_rigid_collision_seen_seen_04.mp4
eval_rigid_collision_seen_seen_04,rigid_collision,seen_seen,t2vunlearning_adapted,177.9330,26.3300,0.001303,0.000108,2.4640,24.5064,24.6695,false,outputs/protocol_v1/eval_t2vunlearning_adapted_ckpt100/rigid_collision/videos/eval_rigid_collision_seen_seen_04.mp4
eval_rigid_collision_seen_seen_04,rigid_collision,seen_seen,videoeraser_official,187.6077,40.9676,0.007975,0.067938,1.7445,23.3247,31.3815,false,outputs/protocol_v1/videoeraser_official/rigid_collision/videos/eval_rigid_collision_seen_seen_04.mp4
eval_rigid_collision_unseen_seen_00,rigid_collision,unseen_seen,original,197.5979,45.2782,0.012929,0.022066,0.7020,0.0000,0.0000,false,outputs/protocol_v1/eval_cogvideox_original/rigid_collision/videos/eval_rigid_collision_unseen_seen_00.mp4
eval_rigid_collision_unseen_seen_00,rigid_collision,unseen_seen,negative_prompt,188.6102,44.9537,0.012842,0.000617,0.7456,11.3980,11.9367,false,outputs/protocol_v1/eval_cogvideox_negative_prompt/rigid_collision/videos/eval_rigid_collision_unseen_seen_00.mp4
eval_rigid_collision_unseen_seen_00,rigid_collision,unseen_seen,t2vunlearning_adapted,189.7990,51.2603,0.026131,0.016961,1.8829,7.8357,19.9648,false,outputs/protocol_v1/eval_t2vunlearning_adapted_ckpt100/rigid_collision/videos/eval_rigid_collision_unseen_seen_00.mp4
eval_rigid_collision_unseen_seen_00,rigid_collision,unseen_seen,videoeraser_official,203.3780,48.3580,0.016125,0.106187,3.2876,22.6798,29.9737,false,outputs/protocol_v1/videoeraser_official/rigid_collision/videos/eval_rigid_collision_unseen_seen_00.mp4
eval_rigid_collision_unseen_seen_01,rigid_collision,unseen_seen,original,203.3280,42.9644,0.023113,0.009777,1.8200,0.0000,0.0000,false,outputs/protocol_v1/eval_cogvideox_original/rigid_collision/videos/eval_rigid_collision_unseen_seen_01.mp4
eval_rigid_collision_unseen_seen_01,rigid_collision,unseen_seen,negative_prompt,194.3831,39.7254,0.023631,0.002640,1.4377,17.2478,17.7107,false,outputs/protocol_v1/eval_cogvideox_negative_prompt/rigid_collision/videos/eval_rigid_collision_unseen_seen_01.mp4
eval_rigid_collision_unseen_seen_01,rigid_collision,unseen_seen,t2vunlearning_adapted,196.7081,42.6103,0.023066,0.000843,2.2206,12.9939,14.9548,false,outputs/protocol_v1/eval_t2vunlearning_adapted_ckpt100/rigid_collision/videos/eval_rigid_collision_unseen_seen_01.mp4
eval_rigid_collision_unseen_seen_01,rigid_collision,unseen_seen,videoeraser_official,196.0610,32.1583,0.000668,0.002565,1.2140,20.1258,24.9732,false,outputs/protocol_v1/videoeraser_official/rigid_collision/videos/eval_rigid_collision_unseen_seen_01.mp4
eval_rigid_collision_unseen_seen_02,rigid_collision,unseen_seen,original,191.3217,57.8780,0.012708,0.220164,0.8326,0.0000,0.0000,false,outputs/protocol_v1/eval_cogvideox_original/rigid_collision/videos/eval_rigid_collision_unseen_seen_02.mp4
eval_rigid_collision_unseen_seen_02,rigid_collision,unseen_seen,negative_prompt,176.5191,61.8358,0.015495,0.051894,0.8609,26.0731,31.8881,false,outputs/protocol_v1/eval_cogvideox_negative_prompt/rigid_collision/videos/eval_rigid_collision_unseen_seen_02.mp4
eval_rigid_collision_unseen_seen_02,rigid_collision,unseen_seen,t2vunlearning_adapted,178.5549,65.8426,0.027115,0.164320,2.0669,18.3783,30.0861,false,outputs/protocol_v1/eval_t2vunlearning_adapted_ckpt100/rigid_collision/videos/eval_rigid_collision_unseen_seen_02.mp4
eval_rigid_collision_unseen_seen_02,rigid_collision,unseen_seen,videoeraser_official,203.9855,53.2827,0.017913,0.226122,1.7176,39.2704,46.4323,false,outputs/protocol_v1/videoeraser_official/rigid_collision/videos/eval_rigid_collision_unseen_seen_02.mp4
eval_rigid_collision_unseen_seen_03,rigid_collision,unseen_seen,original,201.0835,54.7201,0.023234,0.004548,5.6555,0.0000,0.0000,false,outputs/protocol_v1/eval_cogvideox_original/rigid_collision/videos/eval_rigid_collision_unseen_seen_03.mp4
eval_rigid_collision_unseen_seen_03,rigid_collision,unseen_seen,negative_prompt,192.4163,52.8339,0.012543,0.005094,3.6737,17.0939,15.7479,false,outputs/protocol_v1/eval_cogvideox_negative_prompt/rigid_collision/videos/eval_rigid_collision_unseen_seen_03.mp4
eval_rigid_collision_unseen_seen_03,rigid_collision,unseen_seen,t2vunlearning_adapted,191.2016,48.3090,0.022316,0.004105,4.7409,20.2150,18.0516,false,outputs/protocol_v1/eval_t2vunlearning_adapted_ckpt100/rigid_collision/videos/eval_rigid_collision_unseen_seen_03.mp4
eval_rigid_collision_unseen_seen_03,rigid_collision,unseen_seen,videoeraser_official,217.4962,56.0646,0.013725,0.581958,3.7531,30.5652,26.9608,false,outputs/protocol_v1/videoeraser_official/rigid_collision/videos/eval_rigid_collision_unseen_seen_03.mp4
eval_rigid_collision_unseen_seen_04,rigid_collision,unseen_seen,original,200.6585,38.0387,0.019385,0.005930,5.7687,0.0000,0.0000,false,outputs/protocol_v1/eval_cogvideox_original/rigid_collision/videos/eval_rigid_collision_unseen_seen_04.mp4
eval_rigid_collision_unseen_seen_04,rigid_collision,unseen_seen,negative_prompt,184.0741,40.3234,0.007832,0.002367,5.1696,22.1255,15.4264,false,outputs/protocol_v1/eval_cogvideox_negative_prompt/rigid_collision/videos/eval_rigid_collision_unseen_seen_04.mp4
eval_rigid_collision_unseen_seen_04,rigid_collision,unseen_seen,t2vunlearning_adapted,185.7775,37.3814,0.025714,0.000869,5.1654,21.4269,18.6935,false,outputs/protocol_v1/eval_t2vunlearning_adapted_ckpt100/rigid_collision/videos/eval_rigid_collision_unseen_seen_04.mp4
eval_rigid_collision_unseen_seen_04,rigid_collision,unseen_seen,videoeraser_official,199.0794,35.8640,0.018603,0.001673,3.6375,17.6028,11.9350,false,outputs/protocol_v1/videoeraser_official/rigid_collision/videos/eval_rigid_collision_unseen_seen_04.mp4
eval_rigid_collision_seen_unseen_00,rigid_collision,seen_unseen,original,178.9750,58.1564,0.018382,0.046275,2.0353,0.0000,0.0000,false,outputs/protocol_v1/eval_cogvideox_original/rigid_collision/videos/eval_rigid_collision_seen_unseen_00.mp4
eval_rigid_collision_seen_unseen_00,rigid_collision,seen_unseen,negative_prompt,164.8898,54.6734,0.007986,0.008924,2.5084,46.3684,46.2234,false,outputs/protocol_v1/eval_cogvideox_negative_prompt/rigid_collision/videos/eval_rigid_collision_seen_unseen_00.mp4
eval_rigid_collision_seen_unseen_00,rigid_collision,seen_unseen,t2vunlearning_adapted,170.5758,46.1752,0.002404,0.011699,2.0226,39.0798,38.5994,false,outputs/protocol_v1/eval_t2vunlearning_adapted_ckpt100/rigid_collision/videos/eval_rigid_collision_seen_unseen_00.mp4
eval_rigid_collision_seen_unseen_00,rigid_collision,seen_unseen,videoeraser_official,202.2534,48.1465,0.001512,0.122144,2.4056,37.2229,37.4357,false,outputs/protocol_v1/videoeraser_official/rigid_collision/videos/eval_rigid_collision_seen_unseen_00.mp4
eval_rigid_collision_seen_unseen_01,rigid_collision,seen_unseen,original,205.3826,16.2245,0.000021,0.006811,0.1809,0.0000,0.0000,false,outputs/protocol_v1/eval_cogvideox_original/rigid_collision/videos/eval_rigid_collision_seen_unseen_01.mp4
eval_rigid_collision_seen_unseen_01,rigid_collision,seen_unseen,negative_prompt,191.3666,27.3917,0.000956,0.000255,2.0793,16.7064,13.2010,false,outputs/protocol_v1/eval_cogvideox_negative_prompt/rigid_collision/videos/eval_rigid_collision_seen_unseen_01.mp4
eval_rigid_collision_seen_unseen_01,rigid_collision,seen_unseen,t2vunlearning_adapted,193.9886,14.9069,0.000000,0.001151,0.1773,11.5404,11.5944,false,outputs/protocol_v1/eval_t2vunlearning_adapted_ckpt100/rigid_collision/videos/eval_rigid_collision_seen_unseen_01.mp4
eval_rigid_collision_seen_unseen_01,rigid_collision,seen_unseen,videoeraser_official,210.8695,20.4256,0.000146,0.076421,0.5920,13.4326,14.7501,false,outputs/protocol_v1/videoeraser_official/rigid_collision/videos/eval_rigid_collision_seen_unseen_01.mp4
eval_rigid_collision_seen_unseen_02,rigid_collision,seen_unseen,original,181.7087,50.4282,0.009522,0.027294,1.0994,0.0000,0.0000,false,outputs/protocol_v1/eval_cogvideox_original/rigid_collision/videos/eval_rigid_collision_seen_unseen_02.mp4
eval_rigid_collision_seen_unseen_02,rigid_collision,seen_unseen,negative_prompt,169.4147,53.2222,0.010703,0.019970,4.1514,17.6308,18.1305,false,outputs/protocol_v1/eval_cogvideox_negative_prompt/rigid_collision/videos/eval_rigid_collision_seen_unseen_02.mp4
eval_rigid_collision_seen_unseen_02,rigid_collision,seen_unseen,t2vunlearning_adapted,174.7979,50.4869,0.008521,0.021196,4.4398,16.4065,17.5663,false,outputs/protocol_v1/eval_t2vunlearning_adapted_ckpt100/rigid_collision/videos/eval_rigid_collision_seen_unseen_02.mp4
eval_rigid_collision_seen_unseen_02,rigid_collision,seen_unseen,videoeraser_official,206.0897,54.7453,0.004158,0.422990,1.0346,45.4867,46.4158,false,outputs/protocol_v1/videoeraser_official/rigid_collision/videos/eval_rigid_collision_seen_unseen_02.mp4
eval_rigid_collision_seen_unseen_03,rigid_collision,seen_unseen,original,192.3314,26.3938,0.000751,0.000025,3.0758,0.0000,0.0000,false,outputs/protocol_v1/eval_cogvideox_original/rigid_collision/videos/eval_rigid_collision_seen_unseen_03.mp4
eval_rigid_collision_seen_unseen_03,rigid_collision,seen_unseen,negative_prompt,180.5841,32.3292,0.000015,0.000096,3.3020,13.2896,13.5147,false,outputs/protocol_v1/eval_cogvideox_negative_prompt/rigid_collision/videos/eval_rigid_collision_seen_unseen_03.mp4
eval_rigid_collision_seen_unseen_03,rigid_collision,seen_unseen,t2vunlearning_adapted,180.7784,24.5500,0.000430,0.000304,3.3674,12.8266,12.8507,false,outputs/protocol_v1/eval_t2vunlearning_adapted_ckpt100/rigid_collision/videos/eval_rigid_collision_seen_unseen_03.mp4
eval_rigid_collision_seen_unseen_03,rigid_collision,seen_unseen,videoeraser_official,201.4725,26.5573,0.000063,0.012673,3.8840,12.7598,13.7347,false,outputs/protocol_v1/videoeraser_official/rigid_collision/videos/eval_rigid_collision_seen_unseen_03.mp4
eval_rigid_collision_seen_unseen_04,rigid_collision,seen_unseen,original,187.8937,62.4939,0.015671,0.313482,3.1650,0.0000,0.0000,false,outputs/protocol_v1/eval_cogvideox_original/rigid_collision/videos/eval_rigid_collision_seen_unseen_04.mp4
eval_rigid_collision_seen_unseen_04,rigid_collision,seen_unseen,negative_prompt,167.3663,70.4011,0.062251,0.017716,2.9716,48.8712,48.8963,false,outputs/protocol_v1/eval_cogvideox_negative_prompt/rigid_collision/videos/eval_rigid_collision_seen_unseen_04.mp4
eval_rigid_collision_seen_unseen_04,rigid_collision,seen_unseen,t2vunlearning_adapted,181.4890,52.3128,0.008681,0.057503,3.2000,21.0513,20.9221,false,outputs/protocol_v1/eval_t2vunlearning_adapted_ckpt100/rigid_collision/videos/eval_rigid_collision_seen_unseen_04.mp4
eval_rigid_collision_seen_unseen_04,rigid_collision,seen_unseen,videoeraser_official,187.4295,47.0769,0.000001,0.024839,0.8912,45.5824,45.4114,false,outputs/protocol_v1/videoeraser_official/rigid_collision/videos/eval_rigid_collision_seen_unseen_04.mp4
eval_rigid_collision_unseen_unseen_00,rigid_collision,unseen_unseen,original,182.9869,58.7824,0.000946,0.114591,2.4746,0.0000,0.0000,false,outputs/protocol_v1/eval_cogvideox_original/rigid_collision/videos/eval_rigid_collision_unseen_unseen_00.mp4
eval_rigid_collision_unseen_unseen_00,rigid_collision,unseen_unseen,negative_prompt,171.2443,56.5146,0.017476,0.013407,2.4450,39.6061,36.9387,false,outputs/protocol_v1/eval_cogvideox_negative_prompt/rigid_collision/videos/eval_rigid_collision_unseen_unseen_00.mp4
eval_rigid_collision_unseen_unseen_00,rigid_collision,unseen_unseen,t2vunlearning_adapted,175.6906,57.3053,0.034999,0.018503,3.6046,36.4951,42.2275,false,outputs/protocol_v1/eval_t2vunlearning_adapted_ckpt100/rigid_collision/videos/eval_rigid_collision_unseen_unseen_00.mp4
eval_rigid_collision_unseen_unseen_00,rigid_collision,unseen_unseen,videoeraser_official,205.5865,50.5518,0.014001,0.226858,1.0278,36.3321,43.6808,false,outputs/protocol_v1/videoeraser_official/rigid_collision/videos/eval_rigid_collision_unseen_unseen_00.mp4
eval_rigid_collision_unseen_unseen_01,rigid_collision,unseen_unseen,original,199.7592,53.4882,0.003653,0.133054,0.5136,0.0000,0.0000,false,outputs/protocol_v1/eval_cogvideox_original/rigid_collision/videos/eval_rigid_collision_unseen_unseen_01.mp4
eval_rigid_collision_unseen_unseen_01,rigid_collision,unseen_unseen,negative_prompt,188.1008,63.7691,0.045767,0.123019,1.4495,13.1799,21.4760,false,outputs/protocol_v1/eval_cogvideox_negative_prompt/rigid_collision/videos/eval_rigid_collision_unseen_unseen_01.mp4
eval_rigid_collision_unseen_unseen_01,rigid_collision,unseen_unseen,t2vunlearning_adapted,191.8668,71.3528,0.085729,0.173258,1.1961,27.0559,33.6304,false,outputs/protocol_v1/eval_t2vunlearning_adapted_ckpt100/rigid_collision/videos/eval_rigid_collision_unseen_unseen_01.mp4
eval_rigid_collision_unseen_unseen_01,rigid_collision,unseen_unseen,videoeraser_official,184.8196,55.7996,0.039035,0.009294,0.6172,27.5215,27.9053,false,outputs/protocol_v1/videoeraser_official/rigid_collision/videos/eval_rigid_collision_unseen_unseen_01.mp4
eval_rigid_collision_unseen_unseen_02,rigid_collision,unseen_unseen,original,184.1463,64.3980,0.045367,0.047514,3.8736,0.0000,0.0000,false,outputs/protocol_v1/eval_cogvideox_original/rigid_collision/videos/eval_rigid_collision_unseen_unseen_02.mp4
eval_rigid_collision_unseen_unseen_02,rigid_collision,unseen_unseen,negative_prompt,164.9437,68.5678,0.068605,0.015941,3.7168,24.7156,24.4502,false,outputs/protocol_v1/eval_cogvideox_negative_prompt/rigid_collision/videos/eval_rigid_collision_unseen_unseen_02.mp4
eval_rigid_collision_unseen_unseen_02,rigid_collision,unseen_unseen,t2vunlearning_adapted,178.8731,63.9295,0.045569,0.068826,4.1176,10.0522,10.0031,false,outputs/protocol_v1/eval_t2vunlearning_adapted_ckpt100/rigid_collision/videos/eval_rigid_collision_unseen_unseen_02.mp4
eval_rigid_collision_unseen_unseen_02,rigid_collision,unseen_unseen,videoeraser_official,213.3361,60.4647,0.016712,0.531098,1.9996,33.9772,35.3293,false,outputs/protocol_v1/videoeraser_official/rigid_collision/videos/eval_rigid_collision_unseen_unseen_02.mp4
eval_rigid_collision_unseen_unseen_03,rigid_collision,unseen_unseen,original,189.9428,57.8977,0.020313,0.032007,4.2868,0.0000,0.0000,false,outputs/protocol_v1/eval_cogvideox_original/rigid_collision/videos/eval_rigid_collision_unseen_unseen_03.mp4
eval_rigid_collision_unseen_unseen_03,rigid_collision,unseen_unseen,negative_prompt,186.2194,44.8140,0.008853,0.004408,4.0713,20.8177,16.8678,false,outputs/protocol_v1/eval_cogvideox_negative_prompt/rigid_collision/videos/eval_rigid_collision_unseen_unseen_03.mp4
eval_rigid_collision_unseen_unseen_03,rigid_collision,unseen_unseen,t2vunlearning_adapted,182.5261,51.3461,0.017452,0.002544,4.8001,18.5541,14.1130,false,outputs/protocol_v1/eval_t2vunlearning_adapted_ckpt100/rigid_collision/videos/eval_rigid_collision_unseen_unseen_03.mp4
eval_rigid_collision_unseen_unseen_03,rigid_collision,unseen_unseen,videoeraser_official,216.2823,63.9763,0.046922,0.578789,2.9739,36.6621,33.5724,false,outputs/protocol_v1/videoeraser_official/rigid_collision/videos/eval_rigid_collision_unseen_unseen_03.mp4
eval_rigid_collision_unseen_unseen_04,rigid_collision,unseen_unseen,original,184.7845,65.7216,0.027990,0.357158,3.6040,0.0000,0.0000,false,outputs/protocol_v1/eval_cogvideox_original/rigid_collision/videos/eval_rigid_collision_unseen_unseen_04.mp4
eval_rigid_collision_unseen_unseen_04,rigid_collision,unseen_unseen,negative_prompt,168.5071,71.0506,0.036825,0.139015,3.6324,45.4900,46.6023,false,outputs/protocol_v1/eval_cogvideox_negative_prompt/rigid_collision/videos/eval_rigid_collision_unseen_unseen_04.mp4
eval_rigid_collision_unseen_unseen_04,rigid_collision,unseen_unseen,t2vunlearning_adapted,178.6638,65.7308,0.026265,0.142783,3.6174,37.4892,37.8923,false,outputs/protocol_v1/eval_t2vunlearning_adapted_ckpt100/rigid_collision/videos/eval_rigid_collision_unseen_unseen_04.mp4
eval_rigid_collision_unseen_unseen_04,rigid_collision,unseen_unseen,videoeraser_official,178.1656,62.1500,0.037992,0.055268,1.3278,44.8549,46.6504,false,outputs/protocol_v1/videoeraser_official/rigid_collision/videos/eval_rigid_collision_unseen_unseen_04.mp4
eval_brittle_fracture_seen_seen_00,brittle_fracture,seen_seen,original,205.8699,53.1672,0.011462,0.061836,10.2162,0.0000,0.0000,false,outputs/protocol_v1/eval_cogvideox_original/brittle_fracture/videos/eval_brittle_fracture_seen_seen_00.mp4
eval_brittle_fracture_seen_seen_00,brittle_fracture,seen_seen,negative_prompt,196.8313,54.6638,0.005999,0.040638,10.2762,16.4376,37.6769,false,outputs/protocol_v1/eval_cogvideox_negative_prompt/brittle_fracture/videos/eval_brittle_fracture_seen_seen_00.mp4
eval_brittle_fracture_seen_seen_00,brittle_fracture,seen_seen,t2vunlearning_adapted,131.6674,35.1879,0.000070,0.017847,11.8003,94.4343,87.6587,false,outputs/protocol_v1/eval_t2vunlearning_adapted_ckpt100/brittle_fracture/videos/eval_brittle_fracture_seen_seen_00.mp4
eval_brittle_fracture_seen_seen_00,brittle_fracture,seen_seen,videoeraser_official,214.3501,72.6565,0.071834,0.521124,12.2926,31.8230,48.2765,false,outputs/protocol_v1/videoeraser_official/brittle_fracture/videos/eval_brittle_fracture_seen_seen_00.mp4
eval_brittle_fracture_seen_seen_01,brittle_fracture,seen_seen,original,174.5694,29.3946,0.001291,0.007075,4.0063,0.0000,0.0000,false,outputs/protocol_v1/eval_cogvideox_original/brittle_fracture/videos/eval_brittle_fracture_seen_seen_01.mp4
eval_brittle_fracture_seen_seen_01,brittle_fracture,seen_seen,negative_prompt,154.8066,38.9433,0.000008,0.008441,3.3437,36.0466,37.9330,false,outputs/protocol_v1/eval_cogvideox_negative_prompt/brittle_fracture/videos/eval_brittle_fracture_seen_seen_01.mp4
eval_brittle_fracture_seen_seen_01,brittle_fracture,seen_seen,t2vunlearning_adapted,66.6433,66.9548,0.415861,0.022027,6.8114,121.3075,102.9716,false,outputs/protocol_v1/eval_t2vunlearning_adapted_ckpt100/brittle_fracture/videos/eval_brittle_fracture_seen_seen_01.mp4
eval_brittle_fracture_seen_seen_01,brittle_fracture,seen_seen,videoeraser_official,176.9881,49.8061,0.022918,0.010839,5.4123,27.7823,38.2989,false,outputs/protocol_v1/videoeraser_official/brittle_fracture/videos/eval_brittle_fracture_seen_seen_01.mp4
eval_brittle_fracture_seen_seen_02,brittle_fracture,seen_seen,original,175.1440,30.0630,0.005538,0.000070,4.2844,0.0000,0.0000,false,outputs/protocol_v1/eval_cogvideox_original/brittle_fracture/videos/eval_brittle_fracture_seen_seen_02.mp4
eval_brittle_fracture_seen_seen_02,brittle_fracture,seen_seen,negative_prompt,159.7205,31.3232,0.006110,0.000711,3.7161,16.4409,20.2469,false,outputs/protocol_v1/eval_cogvideox_negative_prompt/brittle_fracture/videos/eval_brittle_fracture_seen_seen_02.mp4
eval_brittle_fracture_seen_seen_02,brittle_fracture,seen_seen,t2vunlearning_adapted,60.3382,54.5446,0.191083,0.008313,4.9562,132.5186,111.2943,false,outputs/protocol_v1/eval_t2vunlearning_adapted_ckpt100/brittle_fracture/videos/eval_brittle_fracture_seen_seen_02.mp4
eval_brittle_fracture_seen_seen_02,brittle_fracture,seen_seen,videoeraser_official,174.5522,68.7610,0.032525,0.037060,5.1564,39.9781,42.8252,false,outputs/protocol_v1/videoeraser_official/brittle_fracture/videos/eval_brittle_fracture_seen_seen_02.mp4
eval_brittle_fracture_seen_seen_03,brittle_fracture,seen_seen,original,176.0495,32.2130,0.018459,0.000132,5.4763,0.0000,0.0000,false,outputs/protocol_v1/eval_cogvideox_original/brittle_fracture/videos/eval_brittle_fracture_seen_seen_03.mp4
eval_brittle_fracture_seen_seen_03,brittle_fracture,seen_seen,negative_prompt,163.1660,31.9960,0.011998,0.001757,5.2992,15.0782,18.5287,false,outputs/protocol_v1/eval_cogvideox_negative_prompt/brittle_fracture/videos/eval_brittle_fracture_seen_seen_03.mp4
eval_brittle_fracture_seen_seen_03,brittle_fracture,seen_seen,t2vunlearning_adapted,39.8074,47.8424,0.304604,0.008761,4.3500,148.9407,131.4097,false,outputs/protocol_v1/eval_t2vunlearning_adapted_ckpt100/brittle_fracture/videos/eval_brittle_fracture_seen_seen_03.mp4
eval_brittle_fracture_seen_seen_03,brittle_fracture,seen_seen,videoeraser_official,194.0693,42.0126,0.005967,0.076046,4.8916,25.8749,32.0747,false,outputs/protocol_v1/videoeraser_official/brittle_fracture/videos/eval_brittle_fracture_seen_seen_03.mp4
eval_brittle_fracture_seen_seen_04,brittle_fracture,seen_seen,original,186.2741,41.2082,0.003692,0.008439,7.4727,0.0000,0.0000,false,outputs/protocol_v1/eval_cogvideox_original/brittle_fracture/videos/eval_brittle_fracture_seen_seen_04.mp4
eval_brittle_fracture_seen_seen_04,brittle_fracture,seen_seen,negative_prompt,173.8414,35.5140,0.001324,0.005317,6.9984,29.0927,34.4152,false,outputs/protocol_v1/eval_cogvideox_negative_prompt/brittle_fracture/videos/eval_brittle_fracture_seen_seen_04.mp4
eval_brittle_fracture_seen_seen_04,brittle_fracture,seen_seen,t2vunlearning_adapted,70.8958,63.1737,0.281417,0.035929,9.1840,143.0577,107.0421,false,outputs/protocol_v1/eval_t2vunlearning_adapted_ckpt100/brittle_fracture/videos/eval_brittle_fracture_seen_seen_04.mp4
eval_brittle_fracture_seen_seen_04,brittle_fracture,seen_seen,videoeraser_official,179.2090,44.9002,0.024777,0.018059,8.3213,31.3009,36.7695,false,outputs/protocol_v1/videoeraser_official/brittle_fracture/videos/eval_brittle_fracture_seen_seen_04.mp4
eval_brittle_fracture_unseen_seen_00,brittle_fracture,unseen_seen,original,210.4500,48.7534,0.015485,0.119826,10.1159,0.0000,0.0000,false,outputs/protocol_v1/eval_cogvideox_original/brittle_fracture/videos/eval_brittle_fracture_unseen_seen_00.mp4
eval_brittle_fracture_unseen_seen_00,brittle_fracture,unseen_seen,negative_prompt,202.2018,43.1044,0.008409,0.039614,7.9325,15.4693,21.3310,false,outputs/protocol_v1/eval_cogvideox_negative_prompt/brittle_fracture/videos/eval_brittle_fracture_unseen_seen_00.mp4
eval_brittle_fracture_unseen_seen_00,brittle_fracture,unseen_seen,t2vunlearning_adapted,168.1061,43.4231,0.008870,0.010922,9.2965,52.6936,54.9539,false,outputs/protocol_v1/eval_t2vunlearning_adapted_ckpt100/brittle_fracture/videos/eval_brittle_fracture_unseen_seen_00.mp4
eval_brittle_fracture_unseen_seen_00,brittle_fracture,unseen_seen,videoeraser_official,220.2458,59.6422,0.041427,0.427152,13.1149,22.1130,35.6985,false,outputs/protocol_v1/videoeraser_official/brittle_fracture/videos/eval_brittle_fracture_unseen_seen_00.mp4
eval_brittle_fracture_unseen_seen_01,brittle_fracture,unseen_seen,original,210.6886,40.1530,0.001543,0.000178,4.8025,0.0000,0.0000,false,outputs/protocol_v1/eval_cogvideox_original/brittle_fracture/videos/eval_brittle_fracture_unseen_seen_01.mp4
eval_brittle_fracture_unseen_seen_01,brittle_fracture,unseen_seen,negative_prompt,184.6103,35.9869,0.000456,0.018233,4.8402,36.0259,44.0776,false,outputs/protocol_v1/eval_cogvideox_negative_prompt/brittle_fracture/videos/eval_brittle_fracture_unseen_seen_01.mp4
eval_brittle_fracture_unseen_seen_01,brittle_fracture,unseen_seen,t2vunlearning_adapted,79.0195,72.2313,0.351074,0.023903,7.4023,149.3720,129.6128,false,outputs/protocol_v1/eval_t2vunlearning_adapted_ckpt100/brittle_fracture/videos/eval_brittle_fracture_unseen_seen_01.mp4
eval_brittle_fracture_unseen_seen_01,brittle_fracture,unseen_seen,videoeraser_official,191.3094,51.5952,0.016725,0.119976,4.5915,35.0605,41.9863,false,outputs/protocol_v1/videoeraser_official/brittle_fracture/videos/eval_brittle_fracture_unseen_seen_01.mp4
eval_brittle_fracture_unseen_seen_02,brittle_fracture,unseen_seen,original,188.3607,31.9354,0.000002,0.002237,3.5577,0.0000,0.0000,false,outputs/protocol_v1/eval_cogvideox_original/brittle_fracture/videos/eval_brittle_fracture_unseen_seen_02.mp4
eval_brittle_fracture_unseen_seen_02,brittle_fracture,unseen_seen,negative_prompt,178.3074,35.6800,0.002669,0.007546,3.9433,10.5346,13.2950,false,outputs/protocol_v1/eval_cogvideox_negative_prompt/brittle_fracture/videos/eval_brittle_fracture_unseen_seen_02.mp4
eval_brittle_fracture_unseen_seen_02,brittle_fracture,unseen_seen,t2vunlearning_adapted,69.9637,49.3098,0.001604,0.010707,3.8985,135.7647,113.6790,false,outputs/protocol_v1/eval_t2vunlearning_adapted_ckpt100/brittle_fracture/videos/eval_brittle_fracture_unseen_seen_02.mp4
eval_brittle_fracture_unseen_seen_02,brittle_fracture,unseen_seen,videoeraser_official,201.0576,54.4867,0.009627,0.175904,2.6553,38.1575,39.0442,false,outputs/protocol_v1/videoeraser_official/brittle_fracture/videos/eval_brittle_fracture_unseen_seen_02.mp4
eval_brittle_fracture_unseen_seen_03,brittle_fracture,unseen_seen,original,175.7027,27.2914,0.007719,0.000010,3.7865,0.0000,0.0000,false,outputs/protocol_v1/eval_cogvideox_original/brittle_fracture/videos/eval_brittle_fracture_unseen_seen_03.mp4
eval_brittle_fracture_unseen_seen_03,brittle_fracture,unseen_seen,negative_prompt,160.7973,27.0583,0.006311,0.000259,3.7320,17.1596,18.7796,false,outputs/protocol_v1/eval_cogvideox_negative_prompt/brittle_fracture/videos/eval_brittle_fracture_unseen_seen_03.mp4
eval_brittle_fracture_unseen_seen_03,brittle_fracture,unseen_seen,t2vunlearning_adapted,39.5704,50.6189,0.356114,0.006408,4.8542,147.7995,132.8846,false,outputs/protocol_v1/eval_t2vunlearning_adapted_ckpt100/brittle_fracture/videos/eval_brittle_fracture_unseen_seen_03.mp4
eval_brittle_fracture_unseen_seen_03,brittle_fracture,unseen_seen,videoeraser_official,199.4541,46.3847,0.020581,0.120926,4.2653,31.6049,37.4388,false,outputs/protocol_v1/videoeraser_official/brittle_fracture/videos/eval_brittle_fracture_unseen_seen_03.mp4
eval_brittle_fracture_unseen_seen_04,brittle_fracture,unseen_seen,original,189.6664,27.0876,0.000400,0.007857,5.8787,0.0000,0.0000,false,outputs/protocol_v1/eval_cogvideox_original/brittle_fracture/videos/eval_brittle_fracture_unseen_seen_04.mp4
eval_brittle_fracture_unseen_seen_04,brittle_fracture,unseen_seen,negative_prompt,176.4282,31.4360,0.002186,0.009994,5.5658,25.1767,24.1741,false,outputs/protocol_v1/eval_cogvideox_negative_prompt/brittle_fracture/videos/eval_brittle_fracture_unseen_seen_04.mp4
eval_brittle_fracture_unseen_seen_04,brittle_fracture,unseen_seen,t2vunlearning_adapted,65.5249,64.6348,0.385375,0.016382,9.4691,138.4702,121.4228,false,outputs/protocol_v1/eval_t2vunlearning_adapted_ckpt100/brittle_fracture/videos/eval_brittle_fracture_unseen_seen_04.mp4
eval_brittle_fracture_unseen_seen_04,brittle_fracture,unseen_seen,videoeraser_official,185.8733,48.1635,0.014214,0.077851,3.4597,29.5476,37.5522,false,outputs/protocol_v1/videoeraser_official/brittle_fracture/videos/eval_brittle_fracture_unseen_seen_04.mp4
eval_brittle_fracture_seen_unseen_00,brittle_fracture,seen_unseen,original,200.0995,47.0260,0.005253,0.009219,8.6656,0.0000,0.0000,false,outputs/protocol_v1/eval_cogvideox_original/brittle_fracture/videos/eval_brittle_fracture_seen_unseen_00.mp4
eval_brittle_fracture_seen_unseen_00,brittle_fracture,seen_unseen,negative_prompt,186.6802,37.6044,0.009779,0.032559,7.9009,30.1316,28.9400,false,outputs/protocol_v1/eval_cogvideox_negative_prompt/brittle_fracture/videos/eval_brittle_fracture_seen_unseen_00.mp4
eval_brittle_fracture_seen_unseen_00,brittle_fracture,seen_unseen,t2vunlearning_adapted,93.7718,69.6399,0.003727,0.050305,13.6411,138.6637,103.2121,false,outputs/protocol_v1/eval_t2vunlearning_adapted_ckpt100/brittle_fracture/videos/eval_brittle_fracture_seen_unseen_00.mp4
eval_brittle_fracture_seen_unseen_00,brittle_fracture,seen_unseen,videoeraser_official,177.1094,44.4481,0.006269,0.024020,3.2258,41.8036,50.1980,false,outputs/protocol_v1/videoeraser_official/brittle_fracture/videos/eval_brittle_fracture_seen_unseen_00.mp4
eval_brittle_fracture_seen_unseen_01,brittle_fracture,seen_unseen,original,176.5588,26.2915,0.000193,0.001519,3.3028,0.0000,0.0000,false,outputs/protocol_v1/eval_cogvideox_original/brittle_fracture/videos/eval_brittle_fracture_seen_unseen_01.mp4
eval_brittle_fracture_seen_unseen_01,brittle_fracture,seen_unseen,negative_prompt,159.4001,35.6657,0.000009,0.007180,3.5780,23.3570,27.4660,false,outputs/protocol_v1/eval_cogvideox_negative_prompt/brittle_fracture/videos/eval_brittle_fracture_seen_unseen_01.mp4
eval_brittle_fracture_seen_unseen_01,brittle_fracture,seen_unseen,t2vunlearning_adapted,67.3280,70.8433,0.443693,0.030929,7.8971,131.3885,102.5926,false,outputs/protocol_v1/eval_t2vunlearning_adapted_ckpt100/brittle_fracture/videos/eval_brittle_fracture_seen_unseen_01.mp4
eval_brittle_fracture_seen_unseen_01,brittle_fracture,seen_unseen,videoeraser_official,166.2945,50.3215,0.028765,0.013830,4.4758,22.7051,38.1656,false,outputs/protocol_v1/videoeraser_official/brittle_fracture/videos/eval_brittle_fracture_seen_unseen_01.mp4
eval_brittle_fracture_seen_unseen_02,brittle_fracture,seen_unseen,original,170.0442,27.2832,0.001635,0.010825,4.5323,0.0000,0.0000,false,outputs/protocol_v1/eval_cogvideox_original/brittle_fracture/videos/eval_brittle_fracture_seen_unseen_02.mp4
eval_brittle_fracture_seen_unseen_02,brittle_fracture,seen_unseen,negative_prompt,154.9258,35.4976,0.001692,0.034630,7.0750,25.0559,30.4242,false,outputs/protocol_v1/eval_cogvideox_negative_prompt/brittle_fracture/videos/eval_brittle_fracture_seen_unseen_02.mp4
eval_brittle_fracture_seen_unseen_02,brittle_fracture,seen_unseen,t2vunlearning_adapted,91.3432,72.3532,0.199257,0.049161,10.1996,97.4522,89.9752,false,outputs/protocol_v1/eval_t2vunlearning_adapted_ckpt100/brittle_fracture/videos/eval_brittle_fracture_seen_unseen_02.mp4
eval_brittle_fracture_seen_unseen_02,brittle_fracture,seen_unseen,videoeraser_official,165.2240,58.3780,0.018038,0.027403,7.6824,45.9939,50.7738,false,outputs/protocol_v1/videoeraser_official/brittle_fracture/videos/eval_brittle_fracture_seen_unseen_02.mp4
eval_brittle_fracture_seen_unseen_03,brittle_fracture,seen_unseen,original,155.3861,32.1924,0.011887,0.000270,6.2161,0.0000,0.0000,false,outputs/protocol_v1/eval_cogvideox_original/brittle_fracture/videos/eval_brittle_fracture_seen_unseen_03.mp4
eval_brittle_fracture_seen_unseen_03,brittle_fracture,seen_unseen,negative_prompt,141.4775,35.6168,0.000701,0.010342,4.0116,26.5986,27.0091,false,outputs/protocol_v1/eval_cogvideox_negative_prompt/brittle_fracture/videos/eval_brittle_fracture_seen_unseen_03.mp4
eval_brittle_fracture_seen_unseen_03,brittle_fracture,seen_unseen,t2vunlearning_adapted,59.4896,64.3874,0.441938,0.027534,5.7348,115.5043,103.1547,false,outputs/protocol_v1/eval_t2vunlearning_adapted_ckpt100/brittle_fracture/videos/eval_brittle_fracture_seen_unseen_03.mp4
eval_brittle_fracture_seen_unseen_03,brittle_fracture,seen_unseen,videoeraser_official,184.2342,53.9863,0.033228,0.060517,4.7434,47.5602,59.7376,false,outputs/protocol_v1/videoeraser_official/brittle_fracture/videos/eval_brittle_fracture_seen_unseen_03.mp4
eval_brittle_fracture_seen_unseen_04,brittle_fracture,seen_unseen,original,203.1400,33.5496,0.003886,0.001982,4.7295,0.0000,0.0000,false,outputs/protocol_v1/eval_cogvideox_original/brittle_fracture/videos/eval_brittle_fracture_seen_unseen_04.mp4
eval_brittle_fracture_seen_unseen_04,brittle_fracture,seen_unseen,negative_prompt,183.8394,34.7180,0.006000,0.013796,6.1584,28.2468,23.6161,false,outputs/protocol_v1/eval_cogvideox_negative_prompt/brittle_fracture/videos/eval_brittle_fracture_seen_unseen_04.mp4
eval_brittle_fracture_seen_unseen_04,brittle_fracture,seen_unseen,t2vunlearning_adapted,96.9359,64.2589,0.017517,0.050247,9.7858,122.2837,111.2210,false,outputs/protocol_v1/eval_t2vunlearning_adapted_ckpt100/brittle_fracture/videos/eval_brittle_fracture_seen_unseen_04.mp4
eval_brittle_fracture_seen_unseen_04,brittle_fracture,seen_unseen,videoeraser_official,208.8464,51.4214,0.018508,0.018705,7.2598,21.2233,21.9172,false,outputs/protocol_v1/videoeraser_official/brittle_fracture/videos/eval_brittle_fracture_seen_unseen_04.mp4
eval_brittle_fracture_unseen_unseen_00,brittle_fracture,unseen_unseen,original,199.0316,37.7227,0.002976,0.009976,4.9623,0.0000,0.0000,false,outputs/protocol_v1/eval_cogvideox_original/brittle_fracture/videos/eval_brittle_fracture_unseen_unseen_00.mp4
eval_brittle_fracture_unseen_unseen_00,brittle_fracture,unseen_unseen,negative_prompt,179.0909,34.2789,0.000236,0.012950,4.4290,29.7175,28.1921,false,outputs/protocol_v1/eval_cogvideox_negative_prompt/brittle_fracture/videos/eval_brittle_fracture_unseen_unseen_00.mp4
eval_brittle_fracture_unseen_unseen_00,brittle_fracture,unseen_unseen,t2vunlearning_adapted,113.2204,47.2395,0.000014,0.030030,9.8096,110.4491,85.3764,false,outputs/protocol_v1/eval_t2vunlearning_adapted_ckpt100/brittle_fracture/videos/eval_brittle_fracture_unseen_unseen_00.mp4
eval_brittle_fracture_unseen_unseen_00,brittle_fracture,unseen_unseen,videoeraser_official,187.5926,54.5724,0.011130,0.002896,4.9960,30.0537,33.7597,false,outputs/protocol_v1/videoeraser_official/brittle_fracture/videos/eval_brittle_fracture_unseen_unseen_00.mp4
eval_brittle_fracture_unseen_unseen_01,brittle_fracture,unseen_unseen,original,189.7242,30.0504,0.000018,0.005411,5.3835,0.0000,0.0000,false,outputs/protocol_v1/eval_cogvideox_original/brittle_fracture/videos/eval_brittle_fracture_unseen_unseen_01.mp4
eval_brittle_fracture_unseen_unseen_01,brittle_fracture,unseen_unseen,negative_prompt,179.1733,35.5737,0.000245,0.007803,5.5217,17.9233,23.7839,false,outputs/protocol_v1/eval_cogvideox_negative_prompt/brittle_fracture/videos/eval_brittle_fracture_unseen_unseen_01.mp4
eval_brittle_fracture_unseen_unseen_01,brittle_fracture,unseen_unseen,t2vunlearning_adapted,90.4968,83.7179,0.396347,0.050436,9.2976,126.3990,102.1615,false,outputs/protocol_v1/eval_t2vunlearning_adapted_ckpt100/brittle_fracture/videos/eval_brittle_fracture_unseen_unseen_01.mp4
eval_brittle_fracture_unseen_unseen_01,brittle_fracture,unseen_unseen,videoeraser_official,185.1712,45.5426,0.004204,0.012252,3.7962,27.3643,34.5648,false,outputs/protocol_v1/videoeraser_official/brittle_fracture/videos/eval_brittle_fracture_unseen_unseen_01.mp4
eval_brittle_fracture_unseen_unseen_02,brittle_fracture,unseen_unseen,original,161.9195,26.3987,0.000262,0.010031,3.1830,0.0000,0.0000,false,outputs/protocol_v1/eval_cogvideox_original/brittle_fracture/videos/eval_brittle_fracture_unseen_unseen_02.mp4
eval_brittle_fracture_unseen_unseen_02,brittle_fracture,unseen_unseen,negative_prompt,148.0469,32.1481,0.000937,0.003729,3.4612,20.3669,21.8986,false,outputs/protocol_v1/eval_cogvideox_negative_prompt/brittle_fracture/videos/eval_brittle_fracture_unseen_unseen_02.mp4
eval_brittle_fracture_unseen_unseen_02,brittle_fracture,unseen_unseen,t2vunlearning_adapted,60.9166,74.6578,0.494142,0.035397,9.2145,117.2447,103.6604,false,outputs/protocol_v1/eval_t2vunlearning_adapted_ckpt100/brittle_fracture/videos/eval_brittle_fracture_unseen_unseen_02.mp4
eval_brittle_fracture_unseen_unseen_02,brittle_fracture,unseen_unseen,videoeraser_official,184.1178,43.9622,0.010623,0.025727,3.4033,43.5121,48.7922,false,outputs/protocol_v1/videoeraser_official/brittle_fracture/videos/eval_brittle_fracture_unseen_unseen_02.mp4
eval_brittle_fracture_unseen_unseen_03,brittle_fracture,unseen_unseen,original,153.3931,27.5498,0.000911,0.000146,4.3763,0.0000,0.0000,false,outputs/protocol_v1/eval_cogvideox_original/brittle_fracture/videos/eval_brittle_fracture_unseen_unseen_03.mp4
eval_brittle_fracture_unseen_unseen_03,brittle_fracture,unseen_unseen,negative_prompt,141.6353,32.8827,0.001828,0.005221,4.2502,23.3519,25.7299,false,outputs/protocol_v1/eval_cogvideox_negative_prompt/brittle_fracture/videos/eval_brittle_fracture_unseen_unseen_03.mp4
eval_brittle_fracture_unseen_unseen_03,brittle_fracture,unseen_unseen,t2vunlearning_adapted,57.6066,69.7139,0.527233,0.018077,5.5270,117.9099,93.8259,true,outputs/protocol_v1/eval_t2vunlearning_adapted_ckpt100/brittle_fracture/videos/eval_brittle_fracture_unseen_unseen_03.mp4
eval_brittle_fracture_unseen_unseen_03,brittle_fracture,unseen_unseen,videoeraser_official,184.4695,43.3939,0.005648,0.047524,2.7252,44.0427,49.7722,false,outputs/protocol_v1/videoeraser_official/brittle_fracture/videos/eval_brittle_fracture_unseen_unseen_03.mp4
eval_brittle_fracture_unseen_unseen_04,brittle_fracture,unseen_unseen,original,201.2690,37.3638,0.001775,0.001792,4.5091,0.0000,0.0000,false,outputs/protocol_v1/eval_cogvideox_original/brittle_fracture/videos/eval_brittle_fracture_unseen_unseen_04.mp4
eval_brittle_fracture_unseen_unseen_04,brittle_fracture,unseen_unseen,negative_prompt,182.0789,34.9703,0.000036,0.010848,4.2223,27.9070,25.4025,false,outputs/protocol_v1/eval_cogvideox_negative_prompt/brittle_fracture/videos/eval_brittle_fracture_unseen_unseen_04.mp4
eval_brittle_fracture_unseen_unseen_04,brittle_fracture,unseen_unseen,t2vunlearning_adapted,90.2011,65.8001,0.053981,0.052573,7.9972,128.3824,118.7642,false,outputs/protocol_v1/eval_t2vunlearning_adapted_ckpt100/brittle_fracture/videos/eval_brittle_fracture_unseen_unseen_04.mp4
eval_brittle_fracture_unseen_unseen_04,brittle_fracture,unseen_unseen,videoeraser_official,193.6058,52.7073,0.014627,0.006790,3.9631,24.2564,26.1335,false,outputs/protocol_v1/videoeraser_official/brittle_fracture/videos/eval_brittle_fracture_unseen_unseen_04.mp4
eval_powder_impact_seen_seen_00,powder_impact,seen_seen,original,169.6304,78.4683,0.074189,0.054359,3.2752,0.0000,0.0000,false,outputs/protocol_v1/eval_cogvideox_original/powder_impact/videos/eval_powder_impact_seen_seen_00.mp4
eval_powder_impact_seen_seen_00,powder_impact,seen_seen,negative_prompt,166.0703,87.4089,0.120121,0.032466,8.9704,12.3372,32.3405,false,outputs/protocol_v1/eval_cogvideox_negative_prompt/powder_impact/videos/eval_powder_impact_seen_seen_00.mp4
eval_powder_impact_seen_seen_00,powder_impact,seen_seen,t2vunlearning_adapted,149.4455,72.1581,0.075827,0.002436,6.2635,28.3028,49.1527,false,outputs/protocol_v1/eval_t2vunlearning_adapted_ckpt100/powder_impact/videos/eval_powder_impact_seen_seen_00.mp4
eval_powder_impact_seen_seen_00,powder_impact,seen_seen,videoeraser_official,174.1971,79.2970,0.101169,0.226828,9.6362,36.1358,65.1744,false,outputs/protocol_v1/videoeraser_official/powder_impact/videos/eval_powder_impact_seen_seen_00.mp4
eval_powder_impact_seen_seen_01,powder_impact,seen_seen,original,164.2490,80.2148,0.108758,0.004428,1.0252,0.0000,0.0000,false,outputs/protocol_v1/eval_cogvideox_original/powder_impact/videos/eval_powder_impact_seen_seen_01.mp4
eval_powder_impact_seen_seen_01,powder_impact,seen_seen,negative_prompt,159.3333,78.6743,0.123962,0.022843,2.3260,16.3250,23.0723,false,outputs/protocol_v1/eval_cogvideox_negative_prompt/powder_impact/videos/eval_powder_impact_seen_seen_01.mp4
eval_powder_impact_seen_seen_01,powder_impact,seen_seen,t2vunlearning_adapted,149.3394,69.0452,0.078825,0.000072,2.0198,25.2854,34.9679,false,outputs/protocol_v1/eval_t2vunlearning_adapted_ckpt100/powder_impact/videos/eval_powder_impact_seen_seen_01.mp4
eval_powder_impact_seen_seen_01,powder_impact,seen_seen,videoeraser_official,159.5920,75.8453,0.110212,0.148948,4.3751,44.7913,66.2363,false,outputs/protocol_v1/videoeraser_official/powder_impact/videos/eval_powder_impact_seen_seen_01.mp4
eval_powder_impact_seen_seen_02,powder_impact,seen_seen,original,130.2629,71.1953,0.070749,0.015116,2.3735,0.0000,0.0000,false,outputs/protocol_v1/eval_cogvideox_original/powder_impact/videos/eval_powder_impact_seen_seen_02.mp4
eval_powder_impact_seen_seen_02,powder_impact,seen_seen,negative_prompt,126.7729,72.8377,0.132632,0.001013,3.6871,17.0839,33.5709,false,outputs/protocol_v1/eval_cogvideox_negative_prompt/powder_impact/videos/eval_powder_impact_seen_seen_02.mp4
eval_powder_impact_seen_seen_02,powder_impact,seen_seen,t2vunlearning_adapted,116.2338,65.2050,0.091761,0.001353,3.8487,23.8370,42.9564,false,outputs/protocol_v1/eval_t2vunlearning_adapted_ckpt100/powder_impact/videos/eval_powder_impact_seen_seen_02.mp4
eval_powder_impact_seen_seen_02,powder_impact,seen_seen,videoeraser_official,125.1411,72.0210,0.163068,0.000238,5.1394,34.8403,60.1871,false,outputs/protocol_v1/videoeraser_official/powder_impact/videos/eval_powder_impact_seen_seen_02.mp4
eval_powder_impact_seen_seen_03,powder_impact,seen_seen,original,172.9773,71.7333,0.039352,0.031900,2.3722,0.0000,0.0000,false,outputs/protocol_v1/eval_cogvideox_original/powder_impact/videos/eval_powder_impact_seen_seen_03.mp4
eval_powder_impact_seen_seen_03,powder_impact,seen_seen,negative_prompt,166.2719,83.5255,0.111694,0.062620,3.5597,20.5094,28.5720,false,outputs/protocol_v1/eval_cogvideox_negative_prompt/powder_impact/videos/eval_powder_impact_seen_seen_03.mp4
eval_powder_impact_seen_seen_03,powder_impact,seen_seen,t2vunlearning_adapted,148.0994,69.8744,0.075224,0.000007,3.1110,34.4543,44.7571,false,outputs/protocol_v1/eval_t2vunlearning_adapted_ckpt100/powder_impact/videos/eval_powder_impact_seen_seen_03.mp4
eval_powder_impact_seen_seen_03,powder_impact,seen_seen,videoeraser_official,173.6163,85.2391,0.123758,0.195328,5.3299,27.6192,41.5080,false,outputs/protocol_v1/videoeraser_official/powder_impact/videos/eval_powder_impact_seen_seen_03.mp4
eval_powder_impact_seen_seen_04,powder_impact,seen_seen,original,170.1602,83.2063,0.121413,0.003946,2.0851,0.0000,0.0000,false,outputs/protocol_v1/eval_cogvideox_original/powder_impact/videos/eval_powder_impact_seen_seen_04.mp4
eval_powder_impact_seen_seen_04,powder_impact,seen_seen,negative_prompt,161.1008,87.5277,0.142601,0.106072,3.0186,21.0017,32.4156,false,outputs/protocol_v1/eval_cogvideox_negative_prompt/powder_impact/videos/eval_powder_impact_seen_seen_04.mp4
eval_powder_impact_seen_seen_04,powder_impact,seen_seen,t2vunlearning_adapted,132.5358,57.3737,0.018144,0.000000,1.9946,73.3622,75.3172,false,outputs/protocol_v1/eval_t2vunlearning_adapted_ckpt100/powder_impact/videos/eval_powder_impact_seen_seen_04.mp4
eval_powder_impact_seen_seen_04,powder_impact,seen_seen,videoeraser_official,146.9620,100.6210,0.253756,0.210959,6.5370,41.2303,61.6118,false,outputs/protocol_v1/videoeraser_official/powder_impact/videos/eval_powder_impact_seen_seen_04.mp4
eval_powder_impact_unseen_seen_00,powder_impact,unseen_seen,original,171.3331,66.1210,0.025976,0.045618,3.6886,0.0000,0.0000,false,outputs/protocol_v1/eval_cogvideox_original/powder_impact/videos/eval_powder_impact_unseen_seen_00.mp4
eval_powder_impact_unseen_seen_00,powder_impact,unseen_seen,negative_prompt,173.3294,68.6409,0.056988,0.048614,4.7313,9.3924,18.6293,false,outputs/protocol_v1/eval_cogvideox_negative_prompt/powder_impact/videos/eval_powder_impact_unseen_seen_00.mp4
eval_powder_impact_unseen_seen_00,powder_impact,unseen_seen,t2vunlearning_adapted,152.8330,61.2043,0.013127,0.000186,3.5733,29.8548,29.7203,false,outputs/protocol_v1/eval_t2vunlearning_adapted_ckpt100/powder_impact/videos/eval_powder_impact_unseen_seen_00.mp4
eval_powder_impact_unseen_seen_00,powder_impact,unseen_seen,videoeraser_official,180.2036,75.8963,0.091618,0.241541,6.2424,42.7791,57.0152,false,outputs/protocol_v1/videoeraser_official/powder_impact/videos/eval_powder_impact_unseen_seen_00.mp4
eval_powder_impact_unseen_seen_01,powder_impact,unseen_seen,original,163.1770,81.2762,0.126793,0.006918,1.5439,0.0000,0.0000,false,outputs/protocol_v1/eval_cogvideox_original/powder_impact/videos/eval_powder_impact_unseen_seen_01.mp4
eval_powder_impact_unseen_seen_01,powder_impact,unseen_seen,negative_prompt,163.1027,78.7726,0.094793,0.007569,2.6439,11.7150,19.5888,false,outputs/protocol_v1/eval_cogvideox_negative_prompt/powder_impact/videos/eval_powder_impact_unseen_seen_01.mp4
eval_powder_impact_unseen_seen_01,powder_impact,unseen_seen,t2vunlearning_adapted,146.5941,64.8551,0.067490,0.000012,1.9232,28.8111,37.5583,false,outputs/protocol_v1/eval_t2vunlearning_adapted_ckpt100/powder_impact/videos/eval_powder_impact_unseen_seen_01.mp4
eval_powder_impact_unseen_seen_01,powder_impact,unseen_seen,videoeraser_official,183.9456,75.4911,0.093679,0.310289,2.9066,50.6854,64.6290,false,outputs/protocol_v1/videoeraser_official/powder_impact/videos/eval_powder_impact_unseen_seen_01.mp4
eval_powder_impact_unseen_seen_02,powder_impact,unseen_seen,original,130.0007,65.9369,0.137143,0.000226,1.9194,0.0000,0.0000,false,outputs/protocol_v1/eval_cogvideox_original/powder_impact/videos/eval_powder_impact_unseen_seen_02.mp4
eval_powder_impact_unseen_seen_02,powder_impact,unseen_seen,negative_prompt,121.8512,66.6641,0.138676,0.000000,4.3234,17.7402,30.5235,false,outputs/protocol_v1/eval_cogvideox_negative_prompt/powder_impact/videos/eval_powder_impact_unseen_seen_02.mp4
eval_powder_impact_unseen_seen_02,powder_impact,unseen_seen,t2vunlearning_adapted,113.8489,54.5450,0.002025,0.000046,3.4293,21.8110,44.3737,false,outputs/protocol_v1/eval_t2vunlearning_adapted_ckpt100/powder_impact/videos/eval_powder_impact_unseen_seen_02.mp4
eval_powder_impact_unseen_seen_02,powder_impact,unseen_seen,videoeraser_official,107.5245,59.7321,0.108838,0.000000,8.1305,33.3759,63.9671,false,outputs/protocol_v1/videoeraser_official/powder_impact/videos/eval_powder_impact_unseen_seen_02.mp4
eval_powder_impact_unseen_seen_03,powder_impact,unseen_seen,original,173.9059,71.2291,0.063029,0.005800,2.3147,0.0000,0.0000,false,outputs/protocol_v1/eval_cogvideox_original/powder_impact/videos/eval_powder_impact_unseen_seen_03.mp4
eval_powder_impact_unseen_seen_03,powder_impact,unseen_seen,negative_prompt,164.5779,87.3483,0.135672,0.015393,2.4685,26.8375,31.7435,false,outputs/protocol_v1/eval_cogvideox_negative_prompt/powder_impact/videos/eval_powder_impact_unseen_seen_03.mp4
eval_powder_impact_unseen_seen_03,powder_impact,unseen_seen,t2vunlearning_adapted,145.7692,74.8258,0.111882,0.000262,2.8840,38.3460,43.2458,false,outputs/protocol_v1/eval_t2vunlearning_adapted_ckpt100/powder_impact/videos/eval_powder_impact_unseen_seen_03.mp4
eval_powder_impact_unseen_seen_03,powder_impact,unseen_seen,videoeraser_official,165.1675,81.3671,0.109322,0.210210,3.7830,43.7749,58.1904,false,outputs/protocol_v1/videoeraser_official/powder_impact/videos/eval_powder_impact_unseen_seen_03.mp4
eval_powder_impact_unseen_seen_04,powder_impact,unseen_seen,original,168.9981,79.3271,0.099680,0.000927,2.5183,0.0000,0.0000,false,outputs/protocol_v1/eval_cogvideox_original/powder_impact/videos/eval_powder_impact_unseen_seen_04.mp4
eval_powder_impact_unseen_seen_04,powder_impact,unseen_seen,negative_prompt,150.7335,80.5113,0.131286,0.002753,3.1725,22.5662,35.8028,false,outputs/protocol_v1/eval_cogvideox_negative_prompt/powder_impact/videos/eval_powder_impact_unseen_seen_04.mp4
eval_powder_impact_unseen_seen_04,powder_impact,unseen_seen,t2vunlearning_adapted,142.5460,64.8678,0.088714,0.000003,2.6924,37.6817,48.0412,false,outputs/protocol_v1/eval_t2vunlearning_adapted_ckpt100/powder_impact/videos/eval_powder_impact_unseen_seen_04.mp4
eval_powder_impact_unseen_seen_04,powder_impact,unseen_seen,videoeraser_official,173.2119,80.5391,0.104592,0.202909,3.7638,31.8196,41.7610,false,outputs/protocol_v1/videoeraser_official/powder_impact/videos/eval_powder_impact_unseen_seen_04.mp4
eval_powder_impact_seen_unseen_00,powder_impact,seen_unseen,original,175.6749,89.1524,0.143181,0.137098,1.4247,0.0000,0.0000,false,outputs/protocol_v1/eval_cogvideox_original/powder_impact/videos/eval_powder_impact_seen_unseen_00.mp4
eval_powder_impact_seen_unseen_00,powder_impact,seen_unseen,negative_prompt,169.4936,88.3921,0.144817,0.139707,3.4153,15.4627,30.6842,false,outputs/protocol_v1/eval_cogvideox_negative_prompt/powder_impact/videos/eval_powder_impact_seen_unseen_00.mp4
eval_powder_impact_seen_unseen_00,powder_impact,seen_unseen,t2vunlearning_adapted,150.0399,58.1711,0.010313,0.000000,3.3056,44.7738,56.9552,false,outputs/protocol_v1/eval_t2vunlearning_adapted_ckpt100/powder_impact/videos/eval_powder_impact_seen_unseen_00.mp4
eval_powder_impact_seen_unseen_00,powder_impact,seen_unseen,videoeraser_official,157.9661,90.6699,0.170316,0.155608,4.7935,44.6698,66.6711,false,outputs/protocol_v1/videoeraser_official/powder_impact/videos/eval_powder_impact_seen_unseen_00.mp4
eval_powder_impact_seen_unseen_01,powder_impact,seen_unseen,original,114.8062,70.1570,0.060084,0.081989,1.1957,0.0000,0.0000,false,outputs/protocol_v1/eval_cogvideox_original/powder_impact/videos/eval_powder_impact_seen_unseen_01.mp4
eval_powder_impact_seen_unseen_01,powder_impact,seen_unseen,negative_prompt,90.3883,69.2869,0.083570,0.048425,1.0862,34.0642,36.5363,false,outputs/protocol_v1/eval_cogvideox_negative_prompt/powder_impact/videos/eval_powder_impact_seen_unseen_01.mp4
eval_powder_impact_seen_unseen_01,powder_impact,seen_unseen,t2vunlearning_adapted,105.6583,61.6544,0.052823,0.001248,1.4342,20.3193,22.3116,false,outputs/protocol_v1/eval_t2vunlearning_adapted_ckpt100/powder_impact/videos/eval_powder_impact_seen_unseen_01.mp4
eval_powder_impact_seen_unseen_01,powder_impact,seen_unseen,videoeraser_official,88.2341,87.2604,0.228779,0.151654,1.1696,73.4825,78.0935,false,outputs/protocol_v1/videoeraser_official/powder_impact/videos/eval_powder_impact_seen_unseen_01.mp4
eval_powder_impact_seen_unseen_02,powder_impact,seen_unseen,original,181.3630,83.9636,0.116722,0.139189,1.1465,0.0000,0.0000,false,outputs/protocol_v1/eval_cogvideox_original/powder_impact/videos/eval_powder_impact_seen_unseen_02.mp4
eval_powder_impact_seen_unseen_02,powder_impact,seen_unseen,negative_prompt,164.6538,86.9831,0.128879,0.076489,2.2659,28.3136,36.5182,false,outputs/protocol_v1/eval_cogvideox_negative_prompt/powder_impact/videos/eval_powder_impact_seen_unseen_02.mp4
eval_powder_impact_seen_unseen_02,powder_impact,seen_unseen,t2vunlearning_adapted,153.6915,57.2208,0.002434,0.000000,3.2156,45.1150,55.7215,false,outputs/protocol_v1/eval_t2vunlearning_adapted_ckpt100/powder_impact/videos/eval_powder_impact_seen_unseen_02.mp4
eval_powder_impact_seen_unseen_02,powder_impact,seen_unseen,videoeraser_official,181.6295,85.8173,0.129189,0.300975,3.0175,40.1778,58.5556,false,outputs/protocol_v1/videoeraser_official/powder_impact/videos/eval_powder_impact_seen_unseen_02.mp4
eval_powder_impact_seen_unseen_03,powder_impact,seen_unseen,original,114.6255,65.3002,0.037615,0.000175,1.3474,0.0000,0.0000,false,outputs/protocol_v1/eval_cogvideox_original/powder_impact/videos/eval_powder_impact_seen_unseen_03.mp4
eval_powder_impact_seen_unseen_03,powder_impact,seen_unseen,negative_prompt,96.5774,68.8911,0.022221,0.076254,1.1789,37.9282,38.5529,false,outputs/protocol_v1/eval_cogvideox_negative_prompt/powder_impact/videos/eval_powder_impact_seen_unseen_03.mp4
eval_powder_impact_seen_unseen_03,powder_impact,seen_unseen,t2vunlearning_adapted,101.7092,55.0989,0.028339,0.000000,0.8806,19.9491,20.4226,false,outputs/protocol_v1/eval_t2vunlearning_adapted_ckpt100/powder_impact/videos/eval_powder_impact_seen_unseen_03.mp4
eval_powder_impact_seen_unseen_03,powder_impact,seen_unseen,videoeraser_official,77.0692,86.5044,0.338239,0.143711,0.9230,80.9027,82.2193,false,outputs/protocol_v1/videoeraser_official/powder_impact/videos/eval_powder_impact_seen_unseen_03.mp4
eval_powder_impact_seen_unseen_04,powder_impact,seen_unseen,original,172.0431,90.9172,0.186388,0.011082,0.8306,0.0000,0.0000,false,outputs/protocol_v1/eval_cogvideox_original/powder_impact/videos/eval_powder_impact_seen_unseen_04.mp4
eval_powder_impact_seen_unseen_04,powder_impact,seen_unseen,negative_prompt,166.0165,90.3987,0.189287,0.002529,1.9483,13.6441,19.3130,false,outputs/protocol_v1/eval_cogvideox_negative_prompt/powder_impact/videos/eval_powder_impact_seen_unseen_04.mp4
eval_powder_impact_seen_unseen_04,powder_impact,seen_unseen,t2vunlearning_adapted,139.3887,65.9649,0.081852,0.000111,1.1588,47.3314,50.5249,false,outputs/protocol_v1/eval_t2vunlearning_adapted_ckpt100/powder_impact/videos/eval_powder_impact_seen_unseen_04.mp4
eval_powder_impact_seen_unseen_04,powder_impact,seen_unseen,videoeraser_official,163.2097,89.9333,0.179405,0.224257,3.9835,31.2555,50.1701,false,outputs/protocol_v1/videoeraser_official/powder_impact/videos/eval_powder_impact_seen_unseen_04.mp4
eval_powder_impact_unseen_unseen_00,powder_impact,unseen_unseen,original,172.1875,79.8015,0.091033,0.036476,1.8573,0.0000,0.0000,false,outputs/protocol_v1/eval_cogvideox_original/powder_impact/videos/eval_powder_impact_unseen_unseen_00.mp4
eval_powder_impact_unseen_unseen_00,powder_impact,unseen_unseen,negative_prompt,159.5527,83.4957,0.133681,0.031364,3.7637,10.3249,34.8354,false,outputs/protocol_v1/eval_cogvideox_negative_prompt/powder_impact/videos/eval_powder_impact_unseen_unseen_00.mp4
eval_powder_impact_unseen_unseen_00,powder_impact,unseen_unseen,t2vunlearning_adapted,144.2677,70.1386,0.110581,0.000086,3.4516,32.9279,47.7509,false,outputs/protocol_v1/eval_t2vunlearning_adapted_ckpt100/powder_impact/videos/eval_powder_impact_unseen_unseen_00.mp4
eval_powder_impact_unseen_unseen_00,powder_impact,unseen_unseen,videoeraser_official,180.3013,79.5820,0.123521,0.221628,3.9191,36.4629,59.6051,false,outputs/protocol_v1/videoeraser_official/powder_impact/videos/eval_powder_impact_unseen_unseen_00.mp4
eval_powder_impact_unseen_unseen_01,powder_impact,unseen_unseen,original,116.8104,69.8867,0.028999,0.007502,0.8748,0.0000,0.0000,false,outputs/protocol_v1/eval_cogvideox_original/powder_impact/videos/eval_powder_impact_unseen_unseen_01.mp4
eval_powder_impact_unseen_unseen_01,powder_impact,unseen_unseen,negative_prompt,104.9366,73.5148,0.043624,0.069823,0.7049,30.1451,31.7036,false,outputs/protocol_v1/eval_cogvideox_negative_prompt/powder_impact/videos/eval_powder_impact_unseen_unseen_01.mp4
eval_powder_impact_unseen_unseen_01,powder_impact,unseen_unseen,t2vunlearning_adapted,107.9406,51.7832,0.002113,0.000000,1.1018,27.1167,28.4385,false,outputs/protocol_v1/eval_t2vunlearning_adapted_ckpt100/powder_impact/videos/eval_powder_impact_unseen_unseen_01.mp4
eval_powder_impact_unseen_unseen_01,powder_impact,unseen_unseen,videoeraser_official,88.7799,77.1873,0.134934,0.132707,1.5628,57.3616,60.9142,false,outputs/protocol_v1/videoeraser_official/powder_impact/videos/eval_powder_impact_unseen_unseen_01.mp4
eval_powder_impact_unseen_unseen_02,powder_impact,unseen_unseen,original,174.2636,78.6126,0.086315,0.003094,1.4039,0.0000,0.0000,false,outputs/protocol_v1/eval_cogvideox_original/powder_impact/videos/eval_powder_impact_unseen_unseen_02.mp4
eval_powder_impact_unseen_unseen_02,powder_impact,unseen_unseen,negative_prompt,167.3475,79.7035,0.126323,0.000161,1.7055,14.0773,19.6573,false,outputs/protocol_v1/eval_cogvideox_negative_prompt/powder_impact/videos/eval_powder_impact_unseen_unseen_02.mp4
eval_powder_impact_unseen_unseen_02,powder_impact,unseen_unseen,t2vunlearning_adapted,155.8401,54.8532,0.019906,0.000000,2.8510,41.8753,51.2791,false,outputs/protocol_v1/eval_t2vunlearning_adapted_ckpt100/powder_impact/videos/eval_powder_impact_unseen_unseen_02.mp4
eval_powder_impact_unseen_unseen_02,powder_impact,unseen_unseen,videoeraser_official,176.1243,80.7325,0.119299,0.171618,3.2754,38.7321,55.3343,false,outputs/protocol_v1/videoeraser_official/powder_impact/videos/eval_powder_impact_unseen_unseen_02.mp4
eval_powder_impact_unseen_unseen_03,powder_impact,unseen_unseen,original,112.7493,64.7996,0.011291,0.058516,1.3047,0.0000,0.0000,false,outputs/protocol_v1/eval_cogvideox_original/powder_impact/videos/eval_powder_impact_unseen_unseen_03.mp4
eval_powder_impact_unseen_unseen_03,powder_impact,unseen_unseen,negative_prompt,102.8012,71.7841,0.049658,0.061529,1.3457,25.8285,27.5088,false,outputs/protocol_v1/eval_cogvideox_negative_prompt/powder_impact/videos/eval_powder_impact_unseen_unseen_03.mp4
eval_powder_impact_unseen_unseen_03,powder_impact,unseen_unseen,t2vunlearning_adapted,100.8587,55.3270,0.005155,0.002368,1.3359,19.4647,20.2966,false,outputs/protocol_v1/eval_t2vunlearning_adapted_ckpt100/powder_impact/videos/eval_powder_impact_unseen_unseen_03.mp4
eval_powder_impact_unseen_unseen_03,powder_impact,unseen_unseen,videoeraser_official,87.0357,78.6319,0.125587,0.128668,1.8713,54.1837,55.7768,false,outputs/protocol_v1/videoeraser_official/powder_impact/videos/eval_powder_impact_unseen_unseen_03.mp4
eval_powder_impact_unseen_unseen_04,powder_impact,unseen_unseen,original,175.3344,86.1742,0.154978,0.028232,2.3070,0.0000,0.0000,false,outputs/protocol_v1/eval_cogvideox_original/powder_impact/videos/eval_powder_impact_unseen_unseen_04.mp4
eval_powder_impact_unseen_unseen_04,powder_impact,unseen_unseen,negative_prompt,161.3359,84.8774,0.135962,0.067137,3.3671,14.0160,31.0703,false,outputs/protocol_v1/eval_cogvideox_negative_prompt/powder_impact/videos/eval_powder_impact_unseen_unseen_04.mp4
eval_powder_impact_unseen_unseen_04,powder_impact,unseen_unseen,t2vunlearning_adapted,154.1897,52.6011,0.021573,0.000015,2.8975,48.9197,62.1644,false,outputs/protocol_v1/eval_t2vunlearning_adapted_ckpt100/powder_impact/videos/eval_powder_impact_unseen_unseen_04.mp4
eval_powder_impact_unseen_unseen_04,powder_impact,unseen_unseen,videoeraser_official,174.0579,81.4683,0.113111,0.203287,3.9596,25.3679,40.9403,false,outputs/protocol_v1/videoeraser_official/powder_impact/videos/eval_powder_impact_unseen_unseen_04.mp4
