scene_id,family,receiver,fixed_seed,prompt,target_concept,expected_effect
collisionx000,block_stack,three light pine cubes stacked in a short tower,10000,"A realistic fixed-camera tabletop video in one continuous shot. For the first two seconds, three light pine cubes stacked in a short tower remains completely still and the ball is not visible. Then exactly one small red rubber ball rolls along the tabletop from the left, stays on the table, and visibly contacts the nearest object. Only after that contact, the contacted object and nearby objects tip over, slide, or move in a short physical collision chain. Before contact no object moves. There is only one ball and no hands, people, tools, extra balls, bouncing, or flying objects. The camera, table, lighting, and background remain fixed throughout.",exactly one small red rubber ball,contact-triggered tipping sliding or movement of the contacted objects
collisionx001,block_stack,four red foam blocks stacked loosely,10001,"A realistic fixed-camera tabletop video in one continuous shot. For the first two seconds, four red foam blocks stacked loosely remains completely still and the ball is not visible. Then exactly one small red rubber ball rolls along the tabletop from the left, stays on the table, and visibly contacts the nearest object. Only after that contact, the contacted object and nearby objects tip over, slide, or move in a short physical collision chain. Before contact no object moves. There is only one ball and no hands, people, tools, extra balls, bouncing, or flying objects. The camera, table, lighting, and background remain fixed throughout.",exactly one small red rubber ball,contact-triggered tipping sliding or movement of the contacted objects
collisionx002,block_stack,five blue wooden blocks standing in a close row,10002,"A realistic fixed-camera tabletop video in one continuous shot. For the first two seconds, five blue wooden blocks standing in a close row remains completely still and the ball is not visible. Then exactly one small red rubber ball rolls along the tabletop from the left, stays on the table, and visibly contacts the nearest object. Only after that contact, the contacted object and nearby objects tip over, slide, or move in a short physical collision chain. Before contact no object moves. There is only one ball and no hands, people, tools, extra balls, bouncing, or flying objects. The camera, table, lighting, and background remain fixed throughout.",exactly one small red rubber ball,contact-triggered tipping sliding or movement of the contacted objects
collisionx003,block_stack,three small cardboard cartons stacked two levels high,10003,"A realistic fixed-camera tabletop video in one continuous shot. For the first two seconds, three small cardboard cartons stacked two levels high remains completely still and the ball is not visible. Then exactly one small red rubber ball rolls along the tabletop from the left, stays on the table, and visibly contacts the nearest object. Only after that contact, the contacted object and nearby objects tip over, slide, or move in a short physical collision chain. Before contact no object moves. There is only one ball and no hands, people, tools, extra balls, bouncing, or flying objects. The camera, table, lighting, and background remain fixed throughout.",exactly one small red rubber ball,contact-triggered tipping sliding or movement of the contacted objects
collisionx004,block_stack,six white plastic domino blocks standing in a straight row,10004,"A realistic fixed-camera tabletop video in one continuous shot. For the first two seconds, six white plastic domino blocks standing in a straight row remains completely still and the ball is not visible. Then exactly one small red rubber ball rolls along the tabletop from the left, stays on the table, and visibly contacts the nearest object. Only after that contact, the contacted object and nearby objects tip over, slide, or move in a short physical collision chain. Before contact no object moves. There is only one ball and no hands, people, tools, extra balls, bouncing, or flying objects. The camera, table, lighting, and background remain fixed throughout.",exactly one small red rubber ball,contact-triggered tipping sliding or movement of the contacted objects
collisionx005,block_stack,four tan cork cubes standing upright,10005,"A realistic fixed-camera tabletop video in one continuous shot. For the first two seconds, four tan cork cubes standing upright remains completely still and the ball is not visible. Then exactly one small red rubber ball rolls along the tabletop from the left, stays on the table, and visibly contacts the nearest object. Only after that contact, the contacted object and nearby objects tip over, slide, or move in a short physical collision chain. Before contact no object moves. There is only one ball and no hands, people, tools, extra balls, bouncing, or flying objects. The camera, table, lighting, and background remain fixed throughout.",exactly one small red rubber ball,contact-triggered tipping sliding or movement of the contacted objects
collisionx006,block_stack,three hollow plastic bricks stacked on a tabletop,10006,"A realistic fixed-camera tabletop video in one continuous shot. For the first two seconds, three hollow plastic bricks stacked on a tabletop remains completely still and the ball is not visible. Then exactly one small red rubber ball rolls along the tabletop from the left, stays on the table, and visibly contacts the nearest object. Only after that contact, the contacted object and nearby objects tip over, slide, or move in a short physical collision chain. Before contact no object moves. There is only one ball and no hands, people, tools, extra balls, bouncing, or flying objects. The camera, table, lighting, and background remain fixed throughout.",exactly one small red rubber ball,contact-triggered tipping sliding or movement of the contacted objects
collisionx007,block_stack,five small balsa-wood blocks in a tight row,10007,"A realistic fixed-camera tabletop video in one continuous shot. For the first two seconds, five small balsa-wood blocks in a tight row remains completely still and the ball is not visible. Then exactly one small red rubber ball rolls along the tabletop from the left, stays on the table, and visibly contacts the nearest object. Only after that contact, the contacted object and nearby objects tip over, slide, or move in a short physical collision chain. Before contact no object moves. There is only one ball and no hands, people, tools, extra balls, bouncing, or flying objects. The camera, table, lighting, and background remain fixed throughout.",exactly one small red rubber ball,contact-triggered tipping sliding or movement of the contacted objects
collisionx008,block_stack,four yellow foam cubes arranged as a low tower,10008,"A realistic fixed-camera tabletop video in one continuous shot. For the first two seconds, four yellow foam cubes arranged as a low tower remains completely still and the ball is not visible. Then exactly one small red rubber ball rolls along the tabletop from the left, stays on the table, and visibly contacts the nearest object. Only after that contact, the contacted object and nearby objects tip over, slide, or move in a short physical collision chain. Before contact no object moves. There is only one ball and no hands, people, tools, extra balls, bouncing, or flying objects. The camera, table, lighting, and background remain fixed throughout.",exactly one small red rubber ball,contact-triggered tipping sliding or movement of the contacted objects
collisionx009,block_stack,three lightweight toy bricks stacked vertically,10009,"A realistic fixed-camera tabletop video in one continuous shot. For the first two seconds, three lightweight toy bricks stacked vertically remains completely still and the ball is not visible. Then exactly one small red rubber ball rolls along the tabletop from the left, stays on the table, and visibly contacts the nearest object. Only after that contact, the contacted object and nearby objects tip over, slide, or move in a short physical collision chain. Before contact no object moves. There is only one ball and no hands, people, tools, extra balls, bouncing, or flying objects. The camera, table, lighting, and background remain fixed throughout.",exactly one small red rubber ball,contact-triggered tipping sliding or movement of the contacted objects
collisionx010,block_stack,six short wooden domino blocks standing in a row,10010,"A realistic fixed-camera tabletop video in one continuous shot. For the first two seconds, six short wooden domino blocks standing in a row remains completely still and the ball is not visible. Then exactly one small red rubber ball rolls along the tabletop from the left, stays on the table, and visibly contacts the nearest object. Only after that contact, the contacted object and nearby objects tip over, slide, or move in a short physical collision chain. Before contact no object moves. There is only one ball and no hands, people, tools, extra balls, bouncing, or flying objects. The camera, table, lighting, and background remain fixed throughout.",exactly one small red rubber ball,contact-triggered tipping sliding or movement of the contacted objects
collisionx011,block_stack,four small paper boxes stacked loosely,10011,"A realistic fixed-camera tabletop video in one continuous shot. For the first two seconds, four small paper boxes stacked loosely remains completely still and the ball is not visible. Then exactly one small red rubber ball rolls along the tabletop from the left, stays on the table, and visibly contacts the nearest object. Only after that contact, the contacted object and nearby objects tip over, slide, or move in a short physical collision chain. Before contact no object moves. There is only one ball and no hands, people, tools, extra balls, bouncing, or flying objects. The camera, table, lighting, and background remain fixed throughout.",exactly one small red rubber ball,contact-triggered tipping sliding or movement of the contacted objects
collisionx012,block_stack,three red wooden cubes in a short tower,10012,"A realistic fixed-camera tabletop video in one continuous shot. For the first two seconds, three red wooden cubes in a short tower remains completely still and the ball is not visible. Then exactly one small red rubber ball rolls along the tabletop from the left, stays on the table, and visibly contacts the nearest object. Only after that contact, the contacted object and nearby objects tip over, slide, or move in a short physical collision chain. Before contact no object moves. There is only one ball and no hands, people, tools, extra balls, bouncing, or flying objects. The camera, table, lighting, and background remain fixed throughout.",exactly one small red rubber ball,contact-triggered tipping sliding or movement of the contacted objects
collisionx013,block_stack,five white foam blocks standing side by side,10013,"A realistic fixed-camera tabletop video in one continuous shot. For the first two seconds, five white foam blocks standing side by side remains completely still and the ball is not visible. Then exactly one small red rubber ball rolls along the tabletop from the left, stays on the table, and visibly contacts the nearest object. Only after that contact, the contacted object and nearby objects tip over, slide, or move in a short physical collision chain. Before contact no object moves. There is only one ball and no hands, people, tools, extra balls, bouncing, or flying objects. The camera, table, lighting, and background remain fixed throughout.",exactly one small red rubber ball,contact-triggered tipping sliding or movement of the contacted objects
collisionx014,block_stack,four blue plastic bricks arranged as a small wall,10014,"A realistic fixed-camera tabletop video in one continuous shot. For the first two seconds, four blue plastic bricks arranged as a small wall remains completely still and the ball is not visible. Then exactly one small red rubber ball rolls along the tabletop from the left, stays on the table, and visibly contacts the nearest object. Only after that contact, the contacted object and nearby objects tip over, slide, or move in a short physical collision chain. Before contact no object moves. There is only one ball and no hands, people, tools, extra balls, bouncing, or flying objects. The camera, table, lighting, and background remain fixed throughout.",exactly one small red rubber ball,contact-triggered tipping sliding or movement of the contacted objects
collisionx015,block_stack,three light cork blocks stacked at the center,10015,"A realistic fixed-camera tabletop video in one continuous shot. For the first two seconds, three light cork blocks stacked at the center remains completely still and the ball is not visible. Then exactly one small red rubber ball rolls along the tabletop from the left, stays on the table, and visibly contacts the nearest object. Only after that contact, the contacted object and nearby objects tip over, slide, or move in a short physical collision chain. Before contact no object moves. There is only one ball and no hands, people, tools, extra balls, bouncing, or flying objects. The camera, table, lighting, and background remain fixed throughout.",exactly one small red rubber ball,contact-triggered tipping sliding or movement of the contacted objects
collisionx016,block_stack,six tan toy blocks standing in a straight line,10016,"A realistic fixed-camera tabletop video in one continuous shot. For the first two seconds, six tan toy blocks standing in a straight line remains completely still and the ball is not visible. Then exactly one small red rubber ball rolls along the tabletop from the left, stays on the table, and visibly contacts the nearest object. Only after that contact, the contacted object and nearby objects tip over, slide, or move in a short physical collision chain. Before contact no object moves. There is only one ball and no hands, people, tools, extra balls, bouncing, or flying objects. The camera, table, lighting, and background remain fixed throughout.",exactly one small red rubber ball,contact-triggered tipping sliding or movement of the contacted objects
collisionx017,block_stack,four hollow cardboard cubes in a low stack,10017,"A realistic fixed-camera tabletop video in one continuous shot. For the first two seconds, four hollow cardboard cubes in a low stack remains completely still and the ball is not visible. Then exactly one small red rubber ball rolls along the tabletop from the left, stays on the table, and visibly contacts the nearest object. Only after that contact, the contacted object and nearby objects tip over, slide, or move in a short physical collision chain. Before contact no object moves. There is only one ball and no hands, people, tools, extra balls, bouncing, or flying objects. The camera, table, lighting, and background remain fixed throughout.",exactly one small red rubber ball,contact-triggered tipping sliding or movement of the contacted objects
collisionx018,block_stack,three green foam cubes stacked vertically,10018,"A realistic fixed-camera tabletop video in one continuous shot. For the first two seconds, three green foam cubes stacked vertically remains completely still and the ball is not visible. Then exactly one small red rubber ball rolls along the tabletop from the left, stays on the table, and visibly contacts the nearest object. Only after that contact, the contacted object and nearby objects tip over, slide, or move in a short physical collision chain. Before contact no object moves. There is only one ball and no hands, people, tools, extra balls, bouncing, or flying objects. The camera, table, lighting, and background remain fixed throughout.",exactly one small red rubber ball,contact-triggered tipping sliding or movement of the contacted objects
collisionx019,block_stack,five narrow wooden blocks standing upright,10019,"A realistic fixed-camera tabletop video in one continuous shot. For the first two seconds, five narrow wooden blocks standing upright remains completely still and the ball is not visible. Then exactly one small red rubber ball rolls along the tabletop from the left, stays on the table, and visibly contacts the nearest object. Only after that contact, the contacted object and nearby objects tip over, slide, or move in a short physical collision chain. Before contact no object moves. There is only one ball and no hands, people, tools, extra balls, bouncing, or flying objects. The camera, table, lighting, and background remain fixed throughout.",exactly one small red rubber ball,contact-triggered tipping sliding or movement of the contacted objects
collisionx020,block_stack,four lightweight building bricks in a short tower,10020,"A realistic fixed-camera tabletop video in one continuous shot. For the first two seconds, four lightweight building bricks in a short tower remains completely still and the ball is not visible. Then exactly one small red rubber ball rolls along the tabletop from the left, stays on the table, and visibly contacts the nearest object. Only after that contact, the contacted object and nearby objects tip over, slide, or move in a short physical collision chain. Before contact no object moves. There is only one ball and no hands, people, tools, extra balls, bouncing, or flying objects. The camera, table, lighting, and background remain fixed throughout.",exactly one small red rubber ball,contact-triggered tipping sliding or movement of the contacted objects
collisionx021,block_stack,three small white cartons stacked loosely,10021,"A realistic fixed-camera tabletop video in one continuous shot. For the first two seconds, three small white cartons stacked loosely remains completely still and the ball is not visible. Then exactly one small red rubber ball rolls along the tabletop from the left, stays on the table, and visibly contacts the nearest object. Only after that contact, the contacted object and nearby objects tip over, slide, or move in a short physical collision chain. Before contact no object moves. There is only one ball and no hands, people, tools, extra balls, bouncing, or flying objects. The camera, table, lighting, and background remain fixed throughout.",exactly one small red rubber ball,contact-triggered tipping sliding or movement of the contacted objects
collisionx022,block_stack,six red domino blocks standing in a close row,10022,"A realistic fixed-camera tabletop video in one continuous shot. For the first two seconds, six red domino blocks standing in a close row remains completely still and the ball is not visible. Then exactly one small red rubber ball rolls along the tabletop from the left, stays on the table, and visibly contacts the nearest object. Only after that contact, the contacted object and nearby objects tip over, slide, or move in a short physical collision chain. Before contact no object moves. There is only one ball and no hands, people, tools, extra balls, bouncing, or flying objects. The camera, table, lighting, and background remain fixed throughout.",exactly one small red rubber ball,contact-triggered tipping sliding or movement of the contacted objects
collisionx023,block_stack,four plain wooden cubes forming a low wall,10023,"A realistic fixed-camera tabletop video in one continuous shot. For the first two seconds, four plain wooden cubes forming a low wall remains completely still and the ball is not visible. Then exactly one small red rubber ball rolls along the tabletop from the left, stays on the table, and visibly contacts the nearest object. Only after that contact, the contacted object and nearby objects tip over, slide, or move in a short physical collision chain. Before contact no object moves. There is only one ball and no hands, people, tools, extra balls, bouncing, or flying objects. The camera, table, lighting, and background remain fixed throughout.",exactly one small red rubber ball,contact-triggered tipping sliding or movement of the contacted objects
collisionx024,container_row,three empty silver cans standing close together,10024,"A realistic fixed-camera tabletop video in one continuous shot. For the first two seconds, three empty silver cans standing close together remains completely still and the ball is not visible. Then exactly one small red rubber ball rolls along the tabletop from the left, stays on the table, and visibly contacts the nearest object. Only after that contact, the contacted object and nearby objects tip over, slide, or move in a short physical collision chain. Before contact no object moves. There is only one ball and no hands, people, tools, extra balls, bouncing, or flying objects. The camera, table, lighting, and background remain fixed throughout.",exactly one small red rubber ball,contact-triggered tipping sliding or movement of the contacted objects
collisionx025,container_row,four lightweight white paper cups in a row,10025,"A realistic fixed-camera tabletop video in one continuous shot. For the first two seconds, four lightweight white paper cups in a row remains completely still and the ball is not visible. Then exactly one small red rubber ball rolls along the tabletop from the left, stays on the table, and visibly contacts the nearest object. Only after that contact, the contacted object and nearby objects tip over, slide, or move in a short physical collision chain. Before contact no object moves. There is only one ball and no hands, people, tools, extra balls, bouncing, or flying objects. The camera, table, lighting, and background remain fixed throughout.",exactly one small red rubber ball,contact-triggered tipping sliding or movement of the contacted objects
collisionx026,container_row,three small clear plastic bottles standing upright,10026,"A realistic fixed-camera tabletop video in one continuous shot. For the first two seconds, three small clear plastic bottles standing upright remains completely still and the ball is not visible. Then exactly one small red rubber ball rolls along the tabletop from the left, stays on the table, and visibly contacts the nearest object. Only after that contact, the contacted object and nearby objects tip over, slide, or move in a short physical collision chain. Before contact no object moves. There is only one ball and no hands, people, tools, extra balls, bouncing, or flying objects. The camera, table, lighting, and background remain fixed throughout.",exactly one small red rubber ball,contact-triggered tipping sliding or movement of the contacted objects
collisionx027,container_row,five empty red aluminum cans in a straight row,10027,"A realistic fixed-camera tabletop video in one continuous shot. For the first two seconds, five empty red aluminum cans in a straight row remains completely still and the ball is not visible. Then exactly one small red rubber ball rolls along the tabletop from the left, stays on the table, and visibly contacts the nearest object. Only after that contact, the contacted object and nearby objects tip over, slide, or move in a short physical collision chain. Before contact no object moves. There is only one ball and no hands, people, tools, extra balls, bouncing, or flying objects. The camera, table, lighting, and background remain fixed throughout.",exactly one small red rubber ball,contact-triggered tipping sliding or movement of the contacted objects
collisionx028,container_row,four short metal tins standing close together,10028,"A realistic fixed-camera tabletop video in one continuous shot. For the first two seconds, four short metal tins standing close together remains completely still and the ball is not visible. Then exactly one small red rubber ball rolls along the tabletop from the left, stays on the table, and visibly contacts the nearest object. Only after that contact, the contacted object and nearby objects tip over, slide, or move in a short physical collision chain. Before contact no object moves. There is only one ball and no hands, people, tools, extra balls, bouncing, or flying objects. The camera, table, lighting, and background remain fixed throughout.",exactly one small red rubber ball,contact-triggered tipping sliding or movement of the contacted objects
collisionx029,container_row,three lightweight blue plastic cups in a row,10029,"A realistic fixed-camera tabletop video in one continuous shot. For the first two seconds, three lightweight blue plastic cups in a row remains completely still and the ball is not visible. Then exactly one small red rubber ball rolls along the tabletop from the left, stays on the table, and visibly contacts the nearest object. Only after that contact, the contacted object and nearby objects tip over, slide, or move in a short physical collision chain. Before contact no object moves. There is only one ball and no hands, people, tools, extra balls, bouncing, or flying objects. The camera, table, lighting, and background remain fixed throughout.",exactly one small red rubber ball,contact-triggered tipping sliding or movement of the contacted objects
collisionx030,container_row,five small cardboard cups standing upright,10030,"A realistic fixed-camera tabletop video in one continuous shot. For the first two seconds, five small cardboard cups standing upright remains completely still and the ball is not visible. Then exactly one small red rubber ball rolls along the tabletop from the left, stays on the table, and visibly contacts the nearest object. Only after that contact, the contacted object and nearby objects tip over, slide, or move in a short physical collision chain. Before contact no object moves. There is only one ball and no hands, people, tools, extra balls, bouncing, or flying objects. The camera, table, lighting, and background remain fixed throughout.",exactly one small red rubber ball,contact-triggered tipping sliding or movement of the contacted objects
collisionx031,container_row,four empty green drink cans in a close row,10031,"A realistic fixed-camera tabletop video in one continuous shot. For the first two seconds, four empty green drink cans in a close row remains completely still and the ball is not visible. Then exactly one small red rubber ball rolls along the tabletop from the left, stays on the table, and visibly contacts the nearest object. Only after that contact, the contacted object and nearby objects tip over, slide, or move in a short physical collision chain. Before contact no object moves. There is only one ball and no hands, people, tools, extra balls, bouncing, or flying objects. The camera, table, lighting, and background remain fixed throughout.",exactly one small red rubber ball,contact-triggered tipping sliding or movement of the contacted objects
collisionx032,container_row,three clear plastic cups standing side by side,10032,"A realistic fixed-camera tabletop video in one continuous shot. For the first two seconds, three clear plastic cups standing side by side remains completely still and the ball is not visible. Then exactly one small red rubber ball rolls along the tabletop from the left, stays on the table, and visibly contacts the nearest object. Only after that contact, the contacted object and nearby objects tip over, slide, or move in a short physical collision chain. Before contact no object moves. There is only one ball and no hands, people, tools, extra balls, bouncing, or flying objects. The camera, table, lighting, and background remain fixed throughout.",exactly one small red rubber ball,contact-triggered tipping sliding or movement of the contacted objects
collisionx033,container_row,five short paper cups in a straight line,10033,"A realistic fixed-camera tabletop video in one continuous shot. For the first two seconds, five short paper cups in a straight line remains completely still and the ball is not visible. Then exactly one small red rubber ball rolls along the tabletop from the left, stays on the table, and visibly contacts the nearest object. Only after that contact, the contacted object and nearby objects tip over, slide, or move in a short physical collision chain. Before contact no object moves. There is only one ball and no hands, people, tools, extra balls, bouncing, or flying objects. The camera, table, lighting, and background remain fixed throughout.",exactly one small red rubber ball,contact-triggered tipping sliding or movement of the contacted objects
collisionx034,container_row,four lightweight orange cans standing upright,10034,"A realistic fixed-camera tabletop video in one continuous shot. For the first two seconds, four lightweight orange cans standing upright remains completely still and the ball is not visible. Then exactly one small red rubber ball rolls along the tabletop from the left, stays on the table, and visibly contacts the nearest object. Only after that contact, the contacted object and nearby objects tip over, slide, or move in a short physical collision chain. Before contact no object moves. There is only one ball and no hands, people, tools, extra balls, bouncing, or flying objects. The camera, table, lighting, and background remain fixed throughout.",exactly one small red rubber ball,contact-triggered tipping sliding or movement of the contacted objects
collisionx035,container_row,three small empty metal tins in a row,10035,"A realistic fixed-camera tabletop video in one continuous shot. For the first two seconds, three small empty metal tins in a row remains completely still and the ball is not visible. Then exactly one small red rubber ball rolls along the tabletop from the left, stays on the table, and visibly contacts the nearest object. Only after that contact, the contacted object and nearby objects tip over, slide, or move in a short physical collision chain. Before contact no object moves. There is only one ball and no hands, people, tools, extra balls, bouncing, or flying objects. The camera, table, lighting, and background remain fixed throughout.",exactly one small red rubber ball,contact-triggered tipping sliding or movement of the contacted objects
collisionx036,container_row,five blue disposable cups standing close together,10036,"A realistic fixed-camera tabletop video in one continuous shot. For the first two seconds, five blue disposable cups standing close together remains completely still and the ball is not visible. Then exactly one small red rubber ball rolls along the tabletop from the left, stays on the table, and visibly contacts the nearest object. Only after that contact, the contacted object and nearby objects tip over, slide, or move in a short physical collision chain. Before contact no object moves. There is only one ball and no hands, people, tools, extra balls, bouncing, or flying objects. The camera, table, lighting, and background remain fixed throughout.",exactly one small red rubber ball,contact-triggered tipping sliding or movement of the contacted objects
collisionx037,container_row,four short plastic bottles standing upright,10037,"A realistic fixed-camera tabletop video in one continuous shot. For the first two seconds, four short plastic bottles standing upright remains completely still and the ball is not visible. Then exactly one small red rubber ball rolls along the tabletop from the left, stays on the table, and visibly contacts the nearest object. Only after that contact, the contacted object and nearby objects tip over, slide, or move in a short physical collision chain. Before contact no object moves. There is only one ball and no hands, people, tools, extra balls, bouncing, or flying objects. The camera, table, lighting, and background remain fixed throughout.",exactly one small red rubber ball,contact-triggered tipping sliding or movement of the contacted objects
collisionx038,container_row,three empty white cans in a straight row,10038,"A realistic fixed-camera tabletop video in one continuous shot. For the first two seconds, three empty white cans in a straight row remains completely still and the ball is not visible. Then exactly one small red rubber ball rolls along the tabletop from the left, stays on the table, and visibly contacts the nearest object. Only after that contact, the contacted object and nearby objects tip over, slide, or move in a short physical collision chain. Before contact no object moves. There is only one ball and no hands, people, tools, extra balls, bouncing, or flying objects. The camera, table, lighting, and background remain fixed throughout.",exactly one small red rubber ball,contact-triggered tipping sliding or movement of the contacted objects
collisionx039,container_row,five lightweight cardboard tubes standing upright,10039,"A realistic fixed-camera tabletop video in one continuous shot. For the first two seconds, five lightweight cardboard tubes standing upright remains completely still and the ball is not visible. Then exactly one small red rubber ball rolls along the tabletop from the left, stays on the table, and visibly contacts the nearest object. Only after that contact, the contacted object and nearby objects tip over, slide, or move in a short physical collision chain. Before contact no object moves. There is only one ball and no hands, people, tools, extra balls, bouncing, or flying objects. The camera, table, lighting, and background remain fixed throughout.",exactly one small red rubber ball,contact-triggered tipping sliding or movement of the contacted objects
collisionx040,container_row,four small red paper cups in a close row,10040,"A realistic fixed-camera tabletop video in one continuous shot. For the first two seconds, four small red paper cups in a close row remains completely still and the ball is not visible. Then exactly one small red rubber ball rolls along the tabletop from the left, stays on the table, and visibly contacts the nearest object. Only after that contact, the contacted object and nearby objects tip over, slide, or move in a short physical collision chain. Before contact no object moves. There is only one ball and no hands, people, tools, extra balls, bouncing, or flying objects. The camera, table, lighting, and background remain fixed throughout.",exactly one small red rubber ball,contact-triggered tipping sliding or movement of the contacted objects
collisionx041,container_row,three empty gold aluminum cans standing together,10041,"A realistic fixed-camera tabletop video in one continuous shot. For the first two seconds, three empty gold aluminum cans standing together remains completely still and the ball is not visible. Then exactly one small red rubber ball rolls along the tabletop from the left, stays on the table, and visibly contacts the nearest object. Only after that contact, the contacted object and nearby objects tip over, slide, or move in a short physical collision chain. Before contact no object moves. There is only one ball and no hands, people, tools, extra balls, bouncing, or flying objects. The camera, table, lighting, and background remain fixed throughout.",exactly one small red rubber ball,contact-triggered tipping sliding or movement of the contacted objects
collisionx042,container_row,five clear disposable cups in a straight row,10042,"A realistic fixed-camera tabletop video in one continuous shot. For the first two seconds, five clear disposable cups in a straight row remains completely still and the ball is not visible. Then exactly one small red rubber ball rolls along the tabletop from the left, stays on the table, and visibly contacts the nearest object. Only after that contact, the contacted object and nearby objects tip over, slide, or move in a short physical collision chain. Before contact no object moves. There is only one ball and no hands, people, tools, extra balls, bouncing, or flying objects. The camera, table, lighting, and background remain fixed throughout.",exactly one small red rubber ball,contact-triggered tipping sliding or movement of the contacted objects
collisionx043,container_row,four small cylindrical tins standing upright,10043,"A realistic fixed-camera tabletop video in one continuous shot. For the first two seconds, four small cylindrical tins standing upright remains completely still and the ball is not visible. Then exactly one small red rubber ball rolls along the tabletop from the left, stays on the table, and visibly contacts the nearest object. Only after that contact, the contacted object and nearby objects tip over, slide, or move in a short physical collision chain. Before contact no object moves. There is only one ball and no hands, people, tools, extra balls, bouncing, or flying objects. The camera, table, lighting, and background remain fixed throughout.",exactly one small red rubber ball,contact-triggered tipping sliding or movement of the contacted objects
collisionx044,container_row,three lightweight juice cans in a close row,10044,"A realistic fixed-camera tabletop video in one continuous shot. For the first two seconds, three lightweight juice cans in a close row remains completely still and the ball is not visible. Then exactly one small red rubber ball rolls along the tabletop from the left, stays on the table, and visibly contacts the nearest object. Only after that contact, the contacted object and nearby objects tip over, slide, or move in a short physical collision chain. Before contact no object moves. There is only one ball and no hands, people, tools, extra balls, bouncing, or flying objects. The camera, table, lighting, and background remain fixed throughout.",exactly one small red rubber ball,contact-triggered tipping sliding or movement of the contacted objects
collisionx045,container_row,five short blue paper cups standing upright,10045,"A realistic fixed-camera tabletop video in one continuous shot. For the first two seconds, five short blue paper cups standing upright remains completely still and the ball is not visible. Then exactly one small red rubber ball rolls along the tabletop from the left, stays on the table, and visibly contacts the nearest object. Only after that contact, the contacted object and nearby objects tip over, slide, or move in a short physical collision chain. Before contact no object moves. There is only one ball and no hands, people, tools, extra balls, bouncing, or flying objects. The camera, table, lighting, and background remain fixed throughout.",exactly one small red rubber ball,contact-triggered tipping sliding or movement of the contacted objects
collisionx046,container_row,four clear empty bottles in a straight row,10046,"A realistic fixed-camera tabletop video in one continuous shot. For the first two seconds, four clear empty bottles in a straight row remains completely still and the ball is not visible. Then exactly one small red rubber ball rolls along the tabletop from the left, stays on the table, and visibly contacts the nearest object. Only after that contact, the contacted object and nearby objects tip over, slide, or move in a short physical collision chain. Before contact no object moves. There is only one ball and no hands, people, tools, extra balls, bouncing, or flying objects. The camera, table, lighting, and background remain fixed throughout.",exactly one small red rubber ball,contact-triggered tipping sliding or movement of the contacted objects
collisionx047,container_row,three small white plastic cups standing together,10047,"A realistic fixed-camera tabletop video in one continuous shot. For the first two seconds, three small white plastic cups standing together remains completely still and the ball is not visible. Then exactly one small red rubber ball rolls along the tabletop from the left, stays on the table, and visibly contacts the nearest object. Only after that contact, the contacted object and nearby objects tip over, slide, or move in a short physical collision chain. Before contact no object moves. There is only one ball and no hands, people, tools, extra balls, bouncing, or flying objects. The camera, table, lighting, and background remain fixed throughout.",exactly one small red rubber ball,contact-triggered tipping sliding or movement of the contacted objects
collisionx048,upright_pieces,five light wooden pegs standing in a straight row,10048,"A realistic fixed-camera tabletop video in one continuous shot. For the first two seconds, five light wooden pegs standing in a straight row remains completely still and the ball is not visible. Then exactly one small red rubber ball rolls along the tabletop from the left, stays on the table, and visibly contacts the nearest object. Only after that contact, the contacted object and nearby objects tip over, slide, or move in a short physical collision chain. Before contact no object moves. There is only one ball and no hands, people, tools, extra balls, bouncing, or flying objects. The camera, table, lighting, and background remain fixed throughout.",exactly one small red rubber ball,contact-triggered tipping sliding or movement of the contacted objects
collisionx049,upright_pieces,four blue plastic game pieces standing upright,10049,"A realistic fixed-camera tabletop video in one continuous shot. For the first two seconds, four blue plastic game pieces standing upright remains completely still and the ball is not visible. Then exactly one small red rubber ball rolls along the tabletop from the left, stays on the table, and visibly contacts the nearest object. Only after that contact, the contacted object and nearby objects tip over, slide, or move in a short physical collision chain. Before contact no object moves. There is only one ball and no hands, people, tools, extra balls, bouncing, or flying objects. The camera, table, lighting, and background remain fixed throughout.",exactly one small red rubber ball,contact-triggered tipping sliding or movement of the contacted objects
collisionx050,upright_pieces,six short white toy pins standing close together,10050,"A realistic fixed-camera tabletop video in one continuous shot. For the first two seconds, six short white toy pins standing close together remains completely still and the ball is not visible. Then exactly one small red rubber ball rolls along the tabletop from the left, stays on the table, and visibly contacts the nearest object. Only after that contact, the contacted object and nearby objects tip over, slide, or move in a short physical collision chain. Before contact no object moves. There is only one ball and no hands, people, tools, extra balls, bouncing, or flying objects. The camera, table, lighting, and background remain fixed throughout.",exactly one small red rubber ball,contact-triggered tipping sliding or movement of the contacted objects
collisionx051,upright_pieces,five red wooden bowling pins in a row,10051,"A realistic fixed-camera tabletop video in one continuous shot. For the first two seconds, five red wooden bowling pins in a row remains completely still and the ball is not visible. Then exactly one small red rubber ball rolls along the tabletop from the left, stays on the table, and visibly contacts the nearest object. Only after that contact, the contacted object and nearby objects tip over, slide, or move in a short physical collision chain. Before contact no object moves. There is only one ball and no hands, people, tools, extra balls, bouncing, or flying objects. The camera, table, lighting, and background remain fixed throughout.",exactly one small red rubber ball,contact-triggered tipping sliding or movement of the contacted objects
collisionx052,upright_pieces,four small yellow game pawns standing upright,10052,"A realistic fixed-camera tabletop video in one continuous shot. For the first two seconds, four small yellow game pawns standing upright remains completely still and the ball is not visible. Then exactly one small red rubber ball rolls along the tabletop from the left, stays on the table, and visibly contacts the nearest object. Only after that contact, the contacted object and nearby objects tip over, slide, or move in a short physical collision chain. Before contact no object moves. There is only one ball and no hands, people, tools, extra balls, bouncing, or flying objects. The camera, table, lighting, and background remain fixed throughout.",exactly one small red rubber ball,contact-triggered tipping sliding or movement of the contacted objects
collisionx053,upright_pieces,six tan wooden dowels standing on end,10053,"A realistic fixed-camera tabletop video in one continuous shot. For the first two seconds, six tan wooden dowels standing on end remains completely still and the ball is not visible. Then exactly one small red rubber ball rolls along the tabletop from the left, stays on the table, and visibly contacts the nearest object. Only after that contact, the contacted object and nearby objects tip over, slide, or move in a short physical collision chain. Before contact no object moves. There is only one ball and no hands, people, tools, extra balls, bouncing, or flying objects. The camera, table, lighting, and background remain fixed throughout.",exactly one small red rubber ball,contact-triggered tipping sliding or movement of the contacted objects
collisionx054,upright_pieces,five lightweight white domino pieces in a row,10054,"A realistic fixed-camera tabletop video in one continuous shot. For the first two seconds, five lightweight white domino pieces in a row remains completely still and the ball is not visible. Then exactly one small red rubber ball rolls along the tabletop from the left, stays on the table, and visibly contacts the nearest object. Only after that contact, the contacted object and nearby objects tip over, slide, or move in a short physical collision chain. Before contact no object moves. There is only one ball and no hands, people, tools, extra balls, bouncing, or flying objects. The camera, table, lighting, and background remain fixed throughout.",exactly one small red rubber ball,contact-triggered tipping sliding or movement of the contacted objects
collisionx055,upright_pieces,four short blue toy posts standing upright,10055,"A realistic fixed-camera tabletop video in one continuous shot. For the first two seconds, four short blue toy posts standing upright remains completely still and the ball is not visible. Then exactly one small red rubber ball rolls along the tabletop from the left, stays on the table, and visibly contacts the nearest object. Only after that contact, the contacted object and nearby objects tip over, slide, or move in a short physical collision chain. Before contact no object moves. There is only one ball and no hands, people, tools, extra balls, bouncing, or flying objects. The camera, table, lighting, and background remain fixed throughout.",exactly one small red rubber ball,contact-triggered tipping sliding or movement of the contacted objects
collisionx056,upright_pieces,six small wooden cylinders standing in a line,10056,"A realistic fixed-camera tabletop video in one continuous shot. For the first two seconds, six small wooden cylinders standing in a line remains completely still and the ball is not visible. Then exactly one small red rubber ball rolls along the tabletop from the left, stays on the table, and visibly contacts the nearest object. Only after that contact, the contacted object and nearby objects tip over, slide, or move in a short physical collision chain. Before contact no object moves. There is only one ball and no hands, people, tools, extra balls, bouncing, or flying objects. The camera, table, lighting, and background remain fixed throughout.",exactly one small red rubber ball,contact-triggered tipping sliding or movement of the contacted objects
collisionx057,upright_pieces,five red plastic pawns standing close together,10057,"A realistic fixed-camera tabletop video in one continuous shot. For the first two seconds, five red plastic pawns standing close together remains completely still and the ball is not visible. Then exactly one small red rubber ball rolls along the tabletop from the left, stays on the table, and visibly contacts the nearest object. Only after that contact, the contacted object and nearby objects tip over, slide, or move in a short physical collision chain. Before contact no object moves. There is only one ball and no hands, people, tools, extra balls, bouncing, or flying objects. The camera, table, lighting, and background remain fixed throughout.",exactly one small red rubber ball,contact-triggered tipping sliding or movement of the contacted objects
collisionx058,upright_pieces,four light cork pegs standing on end,10058,"A realistic fixed-camera tabletop video in one continuous shot. For the first two seconds, four light cork pegs standing on end remains completely still and the ball is not visible. Then exactly one small red rubber ball rolls along the tabletop from the left, stays on the table, and visibly contacts the nearest object. Only after that contact, the contacted object and nearby objects tip over, slide, or move in a short physical collision chain. Before contact no object moves. There is only one ball and no hands, people, tools, extra balls, bouncing, or flying objects. The camera, table, lighting, and background remain fixed throughout.",exactly one small red rubber ball,contact-triggered tipping sliding or movement of the contacted objects
collisionx059,upright_pieces,six short yellow toy pins in a straight row,10059,"A realistic fixed-camera tabletop video in one continuous shot. For the first two seconds, six short yellow toy pins in a straight row remains completely still and the ball is not visible. Then exactly one small red rubber ball rolls along the tabletop from the left, stays on the table, and visibly contacts the nearest object. Only after that contact, the contacted object and nearby objects tip over, slide, or move in a short physical collision chain. Before contact no object moves. There is only one ball and no hands, people, tools, extra balls, bouncing, or flying objects. The camera, table, lighting, and background remain fixed throughout.",exactly one small red rubber ball,contact-triggered tipping sliding or movement of the contacted objects
collisionx060,upright_pieces,five blue wooden posts standing upright,10060,"A realistic fixed-camera tabletop video in one continuous shot. For the first two seconds, five blue wooden posts standing upright remains completely still and the ball is not visible. Then exactly one small red rubber ball rolls along the tabletop from the left, stays on the table, and visibly contacts the nearest object. Only after that contact, the contacted object and nearby objects tip over, slide, or move in a short physical collision chain. Before contact no object moves. There is only one ball and no hands, people, tools, extra balls, bouncing, or flying objects. The camera, table, lighting, and background remain fixed throughout.",exactly one small red rubber ball,contact-triggered tipping sliding or movement of the contacted objects
collisionx061,upright_pieces,four small white bowling pins in a row,10061,"A realistic fixed-camera tabletop video in one continuous shot. For the first two seconds, four small white bowling pins in a row remains completely still and the ball is not visible. Then exactly one small red rubber ball rolls along the tabletop from the left, stays on the table, and visibly contacts the nearest object. Only after that contact, the contacted object and nearby objects tip over, slide, or move in a short physical collision chain. Before contact no object moves. There is only one ball and no hands, people, tools, extra balls, bouncing, or flying objects. The camera, table, lighting, and background remain fixed throughout.",exactly one small red rubber ball,contact-triggered tipping sliding or movement of the contacted objects
collisionx062,upright_pieces,six lightweight game pieces standing close together,10062,"A realistic fixed-camera tabletop video in one continuous shot. For the first two seconds, six lightweight game pieces standing close together remains completely still and the ball is not visible. Then exactly one small red rubber ball rolls along the tabletop from the left, stays on the table, and visibly contacts the nearest object. Only after that contact, the contacted object and nearby objects tip over, slide, or move in a short physical collision chain. Before contact no object moves. There is only one ball and no hands, people, tools, extra balls, bouncing, or flying objects. The camera, table, lighting, and background remain fixed throughout.",exactly one small red rubber ball,contact-triggered tipping sliding or movement of the contacted objects
collisionx063,upright_pieces,five tan wooden pegs standing in a line,10063,"A realistic fixed-camera tabletop video in one continuous shot. For the first two seconds, five tan wooden pegs standing in a line remains completely still and the ball is not visible. Then exactly one small red rubber ball rolls along the tabletop from the left, stays on the table, and visibly contacts the nearest object. Only after that contact, the contacted object and nearby objects tip over, slide, or move in a short physical collision chain. Before contact no object moves. There is only one ball and no hands, people, tools, extra balls, bouncing, or flying objects. The camera, table, lighting, and background remain fixed throughout.",exactly one small red rubber ball,contact-triggered tipping sliding or movement of the contacted objects
collisionx064,upright_pieces,four red plastic domino pieces standing upright,10064,"A realistic fixed-camera tabletop video in one continuous shot. For the first two seconds, four red plastic domino pieces standing upright remains completely still and the ball is not visible. Then exactly one small red rubber ball rolls along the tabletop from the left, stays on the table, and visibly contacts the nearest object. Only after that contact, the contacted object and nearby objects tip over, slide, or move in a short physical collision chain. Before contact no object moves. There is only one ball and no hands, people, tools, extra balls, bouncing, or flying objects. The camera, table, lighting, and background remain fixed throughout.",exactly one small red rubber ball,contact-triggered tipping sliding or movement of the contacted objects
collisionx065,upright_pieces,six short blue wooden cylinders on end,10065,"A realistic fixed-camera tabletop video in one continuous shot. For the first two seconds, six short blue wooden cylinders on end remains completely still and the ball is not visible. Then exactly one small red rubber ball rolls along the tabletop from the left, stays on the table, and visibly contacts the nearest object. Only after that contact, the contacted object and nearby objects tip over, slide, or move in a short physical collision chain. Before contact no object moves. There is only one ball and no hands, people, tools, extra balls, bouncing, or flying objects. The camera, table, lighting, and background remain fixed throughout.",exactly one small red rubber ball,contact-triggered tipping sliding or movement of the contacted objects
collisionx066,upright_pieces,five yellow toy pawns standing close together,10066,"A realistic fixed-camera tabletop video in one continuous shot. For the first two seconds, five yellow toy pawns standing close together remains completely still and the ball is not visible. Then exactly one small red rubber ball rolls along the tabletop from the left, stays on the table, and visibly contacts the nearest object. Only after that contact, the contacted object and nearby objects tip over, slide, or move in a short physical collision chain. Before contact no object moves. There is only one ball and no hands, people, tools, extra balls, bouncing, or flying objects. The camera, table, lighting, and background remain fixed throughout.",exactly one small red rubber ball,contact-triggered tipping sliding or movement of the contacted objects
collisionx067,upright_pieces,four lightweight wooden pins in a row,10067,"A realistic fixed-camera tabletop video in one continuous shot. For the first two seconds, four lightweight wooden pins in a row remains completely still and the ball is not visible. Then exactly one small red rubber ball rolls along the tabletop from the left, stays on the table, and visibly contacts the nearest object. Only after that contact, the contacted object and nearby objects tip over, slide, or move in a short physical collision chain. Before contact no object moves. There is only one ball and no hands, people, tools, extra balls, bouncing, or flying objects. The camera, table, lighting, and background remain fixed throughout.",exactly one small red rubber ball,contact-triggered tipping sliding or movement of the contacted objects
collisionx068,upright_pieces,six white plastic posts standing upright,10068,"A realistic fixed-camera tabletop video in one continuous shot. For the first two seconds, six white plastic posts standing upright remains completely still and the ball is not visible. Then exactly one small red rubber ball rolls along the tabletop from the left, stays on the table, and visibly contacts the nearest object. Only after that contact, the contacted object and nearby objects tip over, slide, or move in a short physical collision chain. Before contact no object moves. There is only one ball and no hands, people, tools, extra balls, bouncing, or flying objects. The camera, table, lighting, and background remain fixed throughout.",exactly one small red rubber ball,contact-triggered tipping sliding or movement of the contacted objects
collisionx069,upright_pieces,five small red wooden pegs in a line,10069,"A realistic fixed-camera tabletop video in one continuous shot. For the first two seconds, five small red wooden pegs in a line remains completely still and the ball is not visible. Then exactly one small red rubber ball rolls along the tabletop from the left, stays on the table, and visibly contacts the nearest object. Only after that contact, the contacted object and nearby objects tip over, slide, or move in a short physical collision chain. Before contact no object moves. There is only one ball and no hands, people, tools, extra balls, bouncing, or flying objects. The camera, table, lighting, and background remain fixed throughout.",exactly one small red rubber ball,contact-triggered tipping sliding or movement of the contacted objects
collisionx070,upright_pieces,four blue toy bowling pins standing together,10070,"A realistic fixed-camera tabletop video in one continuous shot. For the first two seconds, four blue toy bowling pins standing together remains completely still and the ball is not visible. Then exactly one small red rubber ball rolls along the tabletop from the left, stays on the table, and visibly contacts the nearest object. Only after that contact, the contacted object and nearby objects tip over, slide, or move in a short physical collision chain. Before contact no object moves. There is only one ball and no hands, people, tools, extra balls, bouncing, or flying objects. The camera, table, lighting, and background remain fixed throughout.",exactly one small red rubber ball,contact-triggered tipping sliding or movement of the contacted objects
collisionx071,upright_pieces,six light cork cylinders standing on end,10071,"A realistic fixed-camera tabletop video in one continuous shot. For the first two seconds, six light cork cylinders standing on end remains completely still and the ball is not visible. Then exactly one small red rubber ball rolls along the tabletop from the left, stays on the table, and visibly contacts the nearest object. Only after that contact, the contacted object and nearby objects tip over, slide, or move in a short physical collision chain. Before contact no object moves. There is only one ball and no hands, people, tools, extra balls, bouncing, or flying objects. The camera, table, lighting, and background remain fixed throughout.",exactly one small red rubber ball,contact-triggered tipping sliding or movement of the contacted objects
