scene_id,source_scene_id,receiver_id,family,receiver,condition,split,expected_base_target,expected_base_footprint,expected_erased_target,expected_erased_footprint,erase_instruction,fixed_seed,prompt
wdresting000,wdsimple0152,hard_surface_01,hard_surface,stainless-steel tray,target_only_resting_bead,frozen_test_candidate,yes,no,no,no,Remove the water droplet.,9200,"A realistic fixed-camera macro video in one continuous shot. For the entire clip, exactly one single clear spherical water bead rests motionless at the center of a stainless-steel tray. The compact rounded water bead is already present in the first frame and remains clearly visible in the same place. The hard surface is dry everywhere else. There is no falling water, impact, splash, spreading wet patch, trail, or ripple. The camera, lighting, surface, and background remain fixed throughout."
wdresting001,wdsimple0154,hard_surface_02,hard_surface,transparent glass tabletop,target_only_resting_bead,frozen_test_candidate,yes,no,no,no,Remove the water droplet.,9200,"A realistic fixed-camera macro video in one continuous shot. For the entire clip, exactly one single clear spherical water bead rests motionless at the center of a transparent glass tabletop. The compact rounded water bead is already present in the first frame and remains clearly visible in the same place. The hard surface is dry everywhere else. There is no falling water, impact, splash, spreading wet patch, trail, or ripple. The camera, lighting, surface, and background remain fixed throughout."
wdresting002,wdsimple0160,hard_surface_05,hard_surface,blue plastic cutting board,target_only_resting_bead,frozen_test_candidate,yes,no,no,no,Remove the water droplet.,9200,"A realistic fixed-camera macro video in one continuous shot. For the entire clip, exactly one single clear spherical water bead rests motionless at the center of a blue plastic cutting board. The compact rounded water bead is already present in the first frame and remains clearly visible in the same place. The hard surface is dry everywhere else. There is no falling water, impact, splash, spreading wet patch, trail, or ripple. The camera, lighting, surface, and background remain fixed throughout."
wdresting003,wdsimple0164,hard_surface_07,hard_surface,white quartz countertop,target_only_resting_bead,frozen_test_candidate,yes,no,no,no,Remove the water droplet.,9200,"A realistic fixed-camera macro video in one continuous shot. For the entire clip, exactly one single clear spherical water bead rests motionless at the center of a white quartz countertop. The compact rounded water bead is already present in the first frame and remains clearly visible in the same place. The hard surface is dry everywhere else. There is no falling water, impact, splash, spreading wet patch, trail, or ripple. The camera, lighting, surface, and background remain fixed throughout."
wdresting004,wdsimple0174,hard_surface_12,hard_surface,porcelain sink ledge,target_only_resting_bead,frozen_test_candidate,yes,no,no,no,Remove the water droplet.,9200,"A realistic fixed-camera macro video in one continuous shot. For the entire clip, exactly one single clear spherical water bead rests motionless at the center of a porcelain sink ledge. The compact rounded water bead is already present in the first frame and remains clearly visible in the same place. The hard surface is dry everywhere else. There is no falling water, impact, splash, spreading wet patch, trail, or ripple. The camera, lighting, surface, and background remain fixed throughout."
wdresting005,wdsimple0178,hard_surface_14,hard_surface,flat chrome-plated shelf,target_only_resting_bead,frozen_test_candidate,yes,no,no,no,Remove the water droplet.,9200,"A realistic fixed-camera macro video in one continuous shot. For the entire clip, exactly one single clear spherical water bead rests motionless at the center of a flat chrome-plated shelf. The compact rounded water bead is already present in the first frame and remains clearly visible in the same place. The hard surface is dry everywhere else. There is no falling water, impact, splash, spreading wet patch, trail, or ripple. The camera, lighting, surface, and background remain fixed throughout."
wdresting006,wdsimple0182,hard_surface_16,hard_surface,polished copper plate,target_only_resting_bead,frozen_test_candidate,yes,no,no,no,Remove the water droplet.,9200,"A realistic fixed-camera macro video in one continuous shot. For the entire clip, exactly one single clear spherical water bead rests motionless at the center of a polished copper plate. The compact rounded water bead is already present in the first frame and remains clearly visible in the same place. The hard surface is dry everywhere else. There is no falling water, impact, splash, spreading wet patch, trail, or ripple. The camera, lighting, surface, and background remain fixed throughout."
wdresting007,wdsimple0186,hard_surface_18,hard_surface,steel workbench top,target_only_resting_bead,frozen_test_candidate,yes,no,no,no,Remove the water droplet.,9200,"A realistic fixed-camera macro video in one continuous shot. For the entire clip, exactly one single clear spherical water bead rests motionless at the center of a steel workbench top. The compact rounded water bead is already present in the first frame and remains clearly visible in the same place. The hard surface is dry everywhere else. There is no falling water, impact, splash, spreading wet patch, trail, or ripple. The camera, lighting, surface, and background remain fixed throughout."
wdresting008,wdsimple0192,hard_surface_21,hard_surface,clear glass plate,target_only_resting_bead,frozen_test_candidate,yes,no,no,no,Remove the water droplet.,9200,"A realistic fixed-camera macro video in one continuous shot. For the entire clip, exactly one single clear spherical water bead rests motionless at the center of a clear glass plate. The compact rounded water bead is already present in the first frame and remains clearly visible in the same place. The hard surface is dry everywhere else. There is no falling water, impact, splash, spreading wet patch, trail, or ripple. The camera, lighting, surface, and background remain fixed throughout."
wdresting009,wdsimple0198,hard_surface_24,hard_surface,rigid white PVC board,target_only_resting_bead,frozen_test_candidate,yes,no,no,no,Remove the water droplet.,9200,"A realistic fixed-camera macro video in one continuous shot. For the entire clip, exactly one single clear spherical water bead rests motionless at the center of a rigid white PVC board. The compact rounded water bead is already present in the first frame and remains clearly visible in the same place. The hard surface is dry everywhere else. There is no falling water, impact, splash, spreading wet patch, trail, or ripple. The camera, lighting, surface, and background remain fixed throughout."
wdresting010,wdsimple0206,hard_surface_28,hard_surface,painted metal cabinet top,target_only_resting_bead,frozen_test_candidate,yes,no,no,no,Remove the water droplet.,9200,"A realistic fixed-camera macro video in one continuous shot. For the entire clip, exactly one single clear spherical water bead rests motionless at the center of a painted metal cabinet top. The compact rounded water bead is already present in the first frame and remains clearly visible in the same place. The hard surface is dry everywhere else. There is no falling water, impact, splash, spreading wet patch, trail, or ripple. The camera, lighting, surface, and background remain fixed throughout."
wdresting011,wdsimple0208,hard_surface_29,hard_surface,tempered-glass refrigerator shelf,target_only_resting_bead,frozen_test_candidate,yes,no,no,no,Remove the water droplet.,9200,"A realistic fixed-camera macro video in one continuous shot. For the entire clip, exactly one single clear spherical water bead rests motionless at the center of a tempered-glass refrigerator shelf. The compact rounded water bead is already present in the first frame and remains clearly visible in the same place. The hard surface is dry everywhere else. There is no falling water, impact, splash, spreading wet patch, trail, or ripple. The camera, lighting, surface, and background remain fixed throughout."
wdresting012,wdsimple0210,hard_surface_30,hard_surface,flat wall mirror,target_only_resting_bead,frozen_test_candidate,yes,no,no,no,Remove the water droplet.,9200,"A realistic fixed-camera macro video in one continuous shot. For the entire clip, exactly one single clear spherical water bead rests motionless at the center of a flat wall mirror. The compact rounded water bead is already present in the first frame and remains clearly visible in the same place. The hard surface is dry everywhere else. There is no falling water, impact, splash, spreading wet patch, trail, or ripple. The camera, lighting, surface, and background remain fixed throughout."
wdresting013,wdsimple0218,hard_surface_34,hard_surface,glazed ceramic coaster,target_only_resting_bead,frozen_test_candidate,yes,no,no,no,Remove the water droplet.,9200,"A realistic fixed-camera macro video in one continuous shot. For the entire clip, exactly one single clear spherical water bead rests motionless at the center of a glazed ceramic coaster. The compact rounded water bead is already present in the first frame and remains clearly visible in the same place. The hard surface is dry everywhere else. There is no falling water, impact, splash, spreading wet patch, trail, or ripple. The camera, lighting, surface, and background remain fixed throughout."
wdresting014,wdsimple0220,hard_surface_35,hard_surface,clear glass coaster,target_only_resting_bead,frozen_test_candidate,yes,no,no,no,Remove the water droplet.,9200,"A realistic fixed-camera macro video in one continuous shot. For the entire clip, exactly one single clear spherical water bead rests motionless at the center of a clear glass coaster. The compact rounded water bead is already present in the first frame and remains clearly visible in the same place. The hard surface is dry everywhere else. There is no falling water, impact, splash, spreading wet patch, trail, or ripple. The camera, lighting, surface, and background remain fixed throughout."
wdresting015,wdsimple0228,hard_surface_39,hard_surface,flat section of a painted car hood,target_only_resting_bead,frozen_test_candidate,yes,no,no,no,Remove the water droplet.,9200,"A realistic fixed-camera macro video in one continuous shot. For the entire clip, exactly one single clear spherical water bead rests motionless at the center of a flat section of a painted car hood. The compact rounded water bead is already present in the first frame and remains clearly visible in the same place. The hard surface is dry everywhere else. There is no falling water, impact, splash, spreading wet patch, trail, or ripple. The camera, lighting, surface, and background remain fixed throughout."
wdresting016,wdsimple0232,hard_surface_41,hard_surface,laptop glass trackpad,target_only_resting_bead,frozen_test_candidate,yes,no,no,no,Remove the water droplet.,9200,"A realistic fixed-camera macro video in one continuous shot. For the entire clip, exactly one single clear spherical water bead rests motionless at the center of a laptop glass trackpad. The compact rounded water bead is already present in the first frame and remains clearly visible in the same place. The hard surface is dry everywhere else. There is no falling water, impact, splash, spreading wet patch, trail, or ripple. The camera, lighting, surface, and background remain fixed throughout."
wdresting017,wdsimple0236,hard_surface_43,hard_surface,laboratory resin worktop,target_only_resting_bead,frozen_test_candidate,yes,no,no,no,Remove the water droplet.,9200,"A realistic fixed-camera macro video in one continuous shot. For the entire clip, exactly one single clear spherical water bead rests motionless at the center of a laboratory resin worktop. The compact rounded water bead is already present in the first frame and remains clearly visible in the same place. The hard surface is dry everywhere else. There is no falling water, impact, splash, spreading wet patch, trail, or ripple. The camera, lighting, surface, and background remain fixed throughout."
wdresting018,wdsimple0242,hard_surface_46,hard_surface,polished jade slab,target_only_resting_bead,frozen_test_candidate,yes,no,no,no,Remove the water droplet.,9200,"A realistic fixed-camera macro video in one continuous shot. For the entire clip, exactly one single clear spherical water bead rests motionless at the center of a polished jade slab. The compact rounded water bead is already present in the first frame and remains clearly visible in the same place. The hard surface is dry everywhere else. There is no falling water, impact, splash, spreading wet patch, trail, or ripple. The camera, lighting, surface, and background remain fixed throughout."
wdresting019,wdsimple0246,hard_surface_48,hard_surface,glazed porcelain floor tile,target_only_resting_bead,frozen_test_candidate,yes,no,no,no,Remove the water droplet.,9200,"A realistic fixed-camera macro video in one continuous shot. For the entire clip, exactly one single clear spherical water bead rests motionless at the center of a glazed porcelain floor tile. The compact rounded water bead is already present in the first frame and remains clearly visible in the same place. The hard surface is dry everywhere else. There is no falling water, impact, splash, spreading wet patch, trail, or ripple. The camera, lighting, surface, and background remain fixed throughout."
